id,scope,name,brand,model,finish,quantity,unit,unitPrice,extended,priceLow,priceHigh,priceType,category,includeInTotal,optional,sourceUrl,checkedAt,availability,quantityBasis,priceBasis,releaseNote
SYS-001,PRE-01,"Printed survey, labeled photo log and scale targets",Printed,,Black or concealed unless specified,1,kit,15,15.0,12.0,20.25,budget-estimate,materials,True,False,index.html#install/PRE-01,2026-09-28,Supplier confirmation required,One 17-page site survey plus two marked plans and labels.,"Independent planning estimate, not a supplier quote. Linked source identifies the product/system or scope.","Confirm field conditions, final quantity and trade approval before ordering."
SYS-002,PRE-01,"3M ScotchBlue original painter tape, 1.88 in × 60 yd",3M,2090,Black or concealed unless specified,2,rolls,8,16.0,6.0,12.0,budget-estimate,materials,True,False,https://www.scotchblue.com/3M/en_US/scotchblue/products/,2026-09-28,Supplier confirmation required,Two colors; floor-safe tape only after a finish test.,"Independent planning estimate, not a supplier quote. Linked source identifies the product/system or scope.","Confirm field conditions, final quantity and trade approval before ordering."
SYS-003,PRE-01,"36-in kraft template paper, 100-ft roll",36-in,,Black or concealed unless specified,1,roll,30,30.0,22.5,45.0,budget-estimate,materials,True,False,https://www.uline.com/BL_1951/Kraft-Paper-Rolls,2026-09-28,Supplier confirmation required,"Life-size TV, guitar, mirror and desk templates; removable attachment.","Independent planning estimate, not a supplier quote. Linked source identifies the product/system or scope.","Confirm field conditions, final quantity and trade approval before ordering."
SYS-004,PRE-01,Studio assistant survey and occupied mockup,Studio,,Black or concealed unless specified,8,hours,25,200.0,25,40,budget-estimate,labor,True,False,index.html#install/PRE-01,2026-09-28,Supplier confirmation required,One full survey day including the two raised storage-door areas; tools supplied by survey lead.,"Independent planning estimate, not a supplier quote. Linked source identifies the product/system or scope.","Confirm field conditions, final quantity and trade approval before ordering."
SYS-005,PRE-02,Lead-builder field coordination using existing Astra drawings,Coordinated,,Black or concealed unless specified,2,hours,85,170.0,75,125,budget-estimate,services,True,False,index.html#install/PRE-02,2026-09-28,Supplier confirmation required,Two paid lead-builder hours for survey reconciliation and trade scope. Greg and Astra maintain the existing guide and procurement register; no outside full-room design commission.,"Independent planning estimate, not a supplier quote. Linked source identifies the product/system or scope.","Confirm field conditions, final quantity and trade approval before ordering."
SYS-006,PRE-02,Landlord/building review and permit allowance,Landlord/building,,Black or concealed unless specified,1,allowance,250,250.0,0,1000,budget-estimate,services,True,False,index.html#install/PRE-02,2026-09-28,Supplier confirmation required,Planning allowance: 1 allowance; confirm field takeoff.,"Independent planning estimate, not a supplier quote. Linked source identifies the product/system or scope.","Provisional fee reserve for a cosmetic retrofit using existing circuits and room enclosure. Confirm address, building review and electrical permit fees. An added permit scope must fit the hard cap before work is released."
SYS-007,PRE-03,Ram Board 38 in × 100 ft floor protection,Ram,5008200,Black or concealed unless specified,1,rolls,65.98,65.98,65.98,65.98,observed,materials,True,False,https://www.homedepot.com/p/202088850,2026-09-28,Listed online; local stock not checked,316.67 sq ft gross; reusable moving blankets protect the short delivery path. Field plan must verify sufficient protection without covering exits.,Displayed price for specified variant; tax and delivery reserved separately.,"Confirm field conditions, final quantity and trade approval before ordering."
SYS-008,PRE-03,Ram Board seam tape and perimeter protection tape,Ram,,Black or concealed unless specified,2,rolls,16,32.0,12.0,24.0,budget-estimate,materials,True,False,https://www.ramboard.com/products/,2026-09-28,Supplier confirmation required,Two seam-tape rolls and one finish-tested perimeter tape; do not tape raw flooring with seam tape.,"Independent planning estimate, not a supplier quote. Linked source identifies the product/system or scope.","Confirm field conditions, final quantity and trade approval before ordering."
SYS-009,PRE-03,ZipWall ZipDoor standard barrier access kit,ZipWall,ZDS,Black or concealed unless specified,1,kit,44.98,44.98,44.98,44.98,observed,materials,True,False,https://www.homedepot.com/p/333666386,2026-09-28,Listed online; site availability not checked,Planning allowance: 1 kit; confirm field takeoff.,Displayed unit price; tax/freight extra.,"Confirm field conditions, final quantity and trade approval before ordering."
SYS-010,PRE-03,Husky 6-mil poly sheeting 10 ft × 100 ft,Husky,,Black or concealed unless specified,0.5,100-ft roll allocation,70,35.0,52.5,105.0,budget-estimate,materials,True,False,https://www.homedepot.com/b/Paint-Paint-Supplies-Plastic-Sheeting/N-5yc1vZci2l,2026-09-28,Supplier confirmation required,Half-roll allocation purchased from contractor stock; no whole extra 100-ft roll unless needed.,"Independent planning estimate, not a supplier quote. Linked source identifies the product/system or scope.","Confirm field conditions, final quantity and trade approval before ordering."
SYS-011,PRE-03,HEPA air scrubber and vacuum rental,HEPA,,Black or concealed unless specified,1,days,100,100.0,75,160,budget-estimate,services,True,False,https://www.homedepot.com/c/tool_and_truck_rental,2026-09-28,Supplier confirmation required,One dusty cutting/preparation day; off-site cutting preferred. Additional rental days consume contingency before release.,"Independent planning estimate, not a supplier quote. Linked source identifies the product/system or scope.","Confirm field conditions, final quantity and trade approval before ordering."
SYS-012,PRE-03,"Removable asset tags, bags and cable labels",Removable,,Black or concealed unless specified,1,kit,15,15.0,12.0,20.25,budget-estimate,materials,True,False,index.html#install/PRE-03,2026-09-28,Supplier confirmation required,"Label retained gear, cables, fasteners and storage destinations before disconnection.","Independent planning estimate, not a supplier quote. Linked source identifies the product/system or scope.","Confirm field conditions, final quantity and trade approval before ordering."
SYS-013,PRE-03,Moving blankets and padded gear crates,Moving,,Black or concealed unless specified,1,set,40,40.0,32.0,54.0,budget-estimate,materials,True,False,https://www.harborfreight.com/automotive/automotive-accessories/moving.html,2026-09-28,Supplier confirmation required,Borrow studio moving equipment; paid $40 allocation for extra padding/containers. Inventory and padding verified before moving instruments.,"Independent planning estimate, not a supplier quote. Linked source identifies the product/system or scope.","Confirm field conditions, final quantity and trade approval before ordering."
SYS-014,PRE-03,Disposal and recycling haul,Disposal,,Black or concealed unless specified,1,pickup,100,100.0,75,250,budget-estimate,services,True,False,index.html#install/PRE-03,2026-09-28,Supplier confirmation required,Small cosmetic-waste disposal allowance; no demolition dumpster or hazardous-material removal scope.,"Independent planning estimate, not a supplier quote. Linked source identifies the product/system or scope.","Confirm field conditions, final quantity and trade approval before ordering."
SYS-015,PRE-03,"Gear move, room protection and approved removals",Gear,,Black or concealed unless specified,12,crew hours,25,300.0,25,40,budget-estimate,labor,True,False,index.html#install/PRE-03,2026-09-28,Supplier confirmation required,"Twelve paid assistant person-hours for labeled disconnection, protected staging and reinstatement. Specialist piano service not assumed necessary.","Independent planning estimate, not a supplier quote. Linked source identifies the product/system or scope.","Confirm field conditions, final quantity and trade approval before ordering."
ARCH-001,MIR-01,Five ready-made full-length gold arched mirrors — large-scale visual substitute,BEAUTYPEAK,"YH2465G, 24 x 65 in","Gold metal frame, reinforced/shatterproof mirror",5,mirror,79.98,399.9,79.98,79.98,observed,materials,True,False,https://www.lowes.com/pd/BEAUTYPEAK-24-in-W-x-65-in-H-Arch-Gold-Framed-Full-Length-Floor-Mirror/5015053085,2026-09-28,Listed available for shipping/delivery at check; verify five from one lot and inspect for distortion/damage on receipt.,"Five 24 x 65-in mirrors create the large full-length five-arch wall: 120 in combined face width and 65 in height before gaps/halos. Approximate full-frame halo path, assuming a 12-in-radius semicircular top, is 13.97 ft each / 69.87 ft total / 80.35 ft with 15% gross. They are identical rather than the prior graduated custom envelopes.","Observed $79.98 each; Lowe’s page showed 725 available, 19-lb weight, mounting bracket/hardware included, and shipping/delivery availability on 2026-09-28.",RECOMMENDED BASELINE. Preserves five tall gold arches and the large luminous wall scale. It changes antique Dark Cloud glass and graduation; halos are a separate lighting scope. Mount only after installer verifies wall substrate and supplied hardware.
ARCH-002,MIR-01,"Manufacturer-supplied mirror frame, bracket and mounting hardware",BEAUTYPEAK,Hardware included with YH2465G,Gold frame / concealed bracket,5,included set,0,0.0,0,0,included,materials,True,False,https://www.lowes.com/pd/BEAUTYPEAK-24-in-W-x-65-in-H-Arch-Gold-Framed-Full-Length-Floor-Mirror/5015053085,2026-09-28,Included with mirrors; installer must reject/replace hardware if substrate review finds it unsuitable.,One included mounting set per purchased mirror; five sets total.,"$0 incremental because frame, bracket and mounting hardware are included in ARCH-001 product price. No missing required purchase is represented as zero.",The retailer lists the product as shatterproof; that and included hardware do not remove the need for substrate/weight review. No anchor schedule is inferred.
ARCH-003,MIR-01,Black reveal/touch-up and isolation consumables for five-mirror composition,Project finish allowance,"Painter’s tape, isolation pads and black reveal touch-up",Black,1,consumables set,50,50.0,35,80,budget-estimate,materials,True,False,https://www.benjaminmoore.com/en-us/project-ideas-inspiration/interiors/painting-walls,2026-09-28,Buy after wall condition and mirror layout are approved.,"One small set for layout marks, isolation pads and black reveal touch-up around five ready-made frames.","LOW/BASE/HIGH $35/$50/$80; consumables estimate, not a quote. Gold perimeter frame itself is included in ARCH-001.",No custom curved trim is required in the affordable baseline.
ARCH-004,MIR-01,"Layout, substrate check and installation of five ready-made arch mirrors",Qualified finish installer,Five-piece aligned wall composition,N/A,10,labor-hour,75,750.0,65,95,budget-estimate,labor,True,False,https://www.lowes.com/pd/BEAUTYPEAK-24-in-W-x-65-in-H-Arch-Gold-Framed-Full-Length-Floor-Mirror/5015053085,2026-09-28,Schedule after final wall/lighting layout.,"Two qualified installers x five hours = 10 labor-hours for wall scan, five 19-lb mirror mounts, alignment and cleanup.","Estimated skilled labor only, not a quote: 10 hours x LOW/BASE/HIGH $65/$75/$95.","If supplied anchors are unsuitable, installer must price the issued substrate-specific replacement before drilling."
ARCH-005,MIR-01,EXCLUDED alternate — custom Dark Cloud/Gold Vein arch glass raw-material analog,Antique Mirror Glass Company / Omega target,Cut-to-size antique mirror; Omega Dark Cloud target,Heavily smoked antique target,82.23,gross-sq-ft,55,4522.65,55,99.99,custom-allowance,materials,False,True,https://antiquemirrorglasscompany.com/products/cut-to-size-antique-mirror-glass-to-your-specs-charged-per-sf-discounts-starting-at-25-sf,2026-09-28,"Quote, template, safety makeup and engineering required.",68.52 proposed net sq ft x 1.20 shape/pattern yield = 82.23 gross sq ft. Five arch envelopes remain unmeasured.,LOW/BASE use observed $55/sq-ft cut-to-size analog; HIGH uses observed $99.99/sq-ft AM90-10 analog. Target Omega Dark Cloud/Gold Vein is not publicly priced.,EXCLUDED FROM $25K BASELINE. Raw-glass analog only; not equivalent to the target and not a supplier quote.
ARCH-006,MIR-01,"EXCLUDED alternate — custom arch fabrication, safety, retention and engineering quote placeholder",Qualified glazier + structural engineer,Five templated custom arches,Target Dark Cloud / Gold Vein,1,quote-required set,12000,12000.0,8000,20000,custom-allowance,services,False,True,https://www.glassbevelingservice.com/pages/custom-antique-mirror-glass-cut-to-size,2026-09-28,Not released; field dimensions and engineered attachment required.,"One coordinated quote for templates, edge finishing, safety makeup, backers, mechanical retention, warm-metal trim, engineering and installation.","LOW/BASE/HIGH planning allowance $8,000/$12,000/$20,000 beyond raw glass; must be replaced by an itemized quote.",EXCLUDED. Explicitly preserves the former luxury direction without pretending a manufactured quote or engineered detail.
ARCH-007,MIR-02,Lightweight Class-A mirror/brushed-gold ACM ceiling insert sheets,Nudo,Poly-Metal 3mm 4 x 8 ft ACM — Mirror and Brushed Gold finish family,"One mirror sheet + one brushed-gold sheet, final pattern held",2,4x8 sheet,287.55,575.1,287.55,287.55,observed,materials,False,True,https://www.interstateplastics.com/Nudo-Poly-metal-Acm-Sign-Panels-Sheet-ALUWP~~SH.php?kitoptionpk=7284,2026-09-28,"Direct distributor page was buyable; confirm finish-specific stock, fire documentation and indoor overhead acceptance before order.",Two 4 x 8-ft sheets cover the proposed 8 x 8-ft visual field (64 sq ft) before module kerfs. Use one mirror-look and one brushed-gold sheet only if both finishes are confirmed at or below this basis.,"Observed $287.55 per 4 x 8 sheet on 2026-09-28. Product family lists Mirror, Brushed Gold and Black and describes Class-A ACM. Freight/cut service excluded.","DEFERRED UPGRADE under the $25,000 cap. Existing black ceiling and skylight access remain; release only after owner funds the visual upgrade and ARCH-011 clears fire/attachment."
ARCH-008,MIR-02,Lightweight insert furring/frame angle stock,Steelworks,"11354, 1 x 1 x 1/16 in x 8 ft aluminum angle","Mill aluminum, concealed/black-coated",8,8-ft length,16.98,135.84,16.98,16.98,observed,materials,False,True,https://www.lowes.com/pd/Steelworks-1-in-W-x-1-in-H-x-8-ft-L-Mill-Finished-Aluminum-Solid-Angle/3058171,2026-09-28,Page showed product listing but shipping/pickup varied; verify local stock and suitability.,Eight lengths = 64 linear ft provisional stock for proposed perimeter/intermediate furring. Final cutlist follows ceiling survey and attachment review.,Observed $16.98 per 8-ft length on 2026-09-28.,"DEFERRED UPGRADE under the $25,000 cap. Existing black ceiling and skylight access remain; release only after owner funds the visual upgrade and ARCH-011 clears fire/attachment."
ARCH-009,MIR-02,Black perimeter/access trim angle stock,Steelworks,"11354, 1 x 1 x 1/16 in x 8 ft aluminum angle",Black field finish,5,8-ft length,16.98,84.9,16.98,16.98,observed,materials,False,True,https://www.lowes.com/pd/Steelworks-1-in-W-x-1-in-H-x-8-ft-L-Mill-Finished-Aluminum-Solid-Angle/3058171,2026-09-28,Verify stock and approved black finish after ceiling survey.,"Proposed 8-ft-square perimeter = 32 linear ft; five lengths provide 40 ft gross (25% cut/access allowance). Dimension is proposed, not measured.",Observed $16.98 per 8-ft length on 2026-09-28.,"DEFERRED UPGRADE under the $25,000 cap. Existing black ceiling and skylight access remain; release only after owner funds the visual upgrade and ARCH-011 clears fire/attachment."
ARCH-010,MIR-02,Panel fastener purchase allowance — exact type held for attachment review,Teks,"#12 x 1-in self-drilling screws, 100-count price basis","Zinc, concealed",1,100-pack,14.98,14.98,14.98,14.98,observed,materials,False,True,https://www.lowes.com/pd/Teks-12-x-1-in-Socket-Hex-Drive-Self-drilling-Sheet-Metal-Screws-100-Count/3316538,2026-09-28,Do not buy until substrate/frame and manufacturer edge-distance requirements are approved.,"One 100-pack is a procurement price basis for panel-to-approved-metal framing; actual fastener, washer and count must come from review.",Observed $14.98/100-pack on 2026-09-28.,"DEFERRED UPGRADE under the $25,000 cap. Existing black ceiling and skylight access remain; release only after owner funds the visual upgrade and ARCH-011 clears fire/attachment."
ARCH-011,MIR-02,DEFERRED ceiling-insert attachment/fire review,Qualified finish contractor,Photo/field condition and access review,Existing black ceiling retained,2,service-hour,175,350.0,150,225,budget-estimate,services,False,True,assets/current-room.jpeg,2026-09-28,Complete before lighting or ceiling work.,"Two paid professional hours to confirm the existing black ceiling finish, preserve both skylight/access openings and identify only measured touch-up needs.",Estimated professional time only: 2 hours x LOW/BASE/HIGH $150/$175/$225.,Deferred with the ACM/glass insert. No professional review is budgeted merely to leave the photographed black ceiling/skylight openings unchanged.
ARCH-012,MIR-02,"Shop cut, deburr and black-edge finish for ACM insert modules",Qualified sign/metal shop,64-sq-ft proposed insert cut set,Mirror/brushed gold with black edges,2,fabrication-hour,75,150.0,65,95,budget-estimate,labor,False,True,https://www.interstateplastics.com/Nudo-Poly-metal-Acm-Sign-Panels-Sheet-ALUWP~~SH.php?kitoptionpk=7284,2026-09-28,After finish samples and attachment disposition.,"Two shop hours for minimal straight cuts, deburr and black edge preparation from two full 4 x 8 sheets; cutlist is issued after survey.",Estimated skilled fabrication labor only: 2 hours x LOW/BASE/HIGH $65/$75/$95.,"DEFERRED UPGRADE under the $25,000 cap. Existing black ceiling and skylight access remain; release only after owner funds the visual upgrade and ARCH-011 clears fire/attachment."
ARCH-013,MIR-02,"Install lightweight ACM insert, furring and removable perimeter trim",Qualified finish/metal installer,Two-sheet modular ceiling insert,Mirror/brushed gold/black,12,labor-hour,75,900.0,65,95,budget-estimate,labor,False,True,https://www.interstateplastics.com/Nudo-Poly-metal-Acm-Sign-Panels-Sheet-ALUWP~~SH.php?kitoptionpk=7284,2026-09-28,Only after ARCH-011 written disposition; lift/access beyond stepladders excluded.,"Two installers x six hours = 12 labor-hours for protected layout, approved furring, two full-sheet modules, removable trim and cleanup.",Estimated skilled labor only: 12 hours x LOW/BASE/HIGH $65/$75/$95.,"DEFERRED UPGRADE under the $25,000 cap. Existing black ceiling and skylight access remain; release only after owner funds the visual upgrade and ARCH-011 clears fire/attachment."
ARCH-014,MIR-02,EXCLUDED alternate — antique ceiling mirror raw-glass analog,Antique Mirror Glass Company / Omega target,Cut-to-size antique mirror; Dark Cloud target,Heavily smoked antique target,115.2,gross-sq-ft,55,6336.0,55,99.99,custom-allowance,materials,False,True,https://antiquemirrorglasscompany.com/products/cut-to-size-antique-mirror-glass-to-your-specs-charged-per-sf-discounts-starting-at-25-sf,2026-09-28,Quote and engineering required.,96-sq-ft guide quantity x 1.20 yield = 115.2 gross sq ft; proposed 8 x 8 visual dimension and module layout remain unverified.,"LOW/BASE $55/sq-ft public analog; HIGH $99.99/sq-ft custom 1/4-in analog. Target finish, safety and overhead fabrication are not included.",EXCLUDED FROM $25K BASELINE. Heavy engineered overhead glass is infeasible inside the planning allocation.
ARCH-015,MIR-02,EXCLUDED alternate — engineered heavy-glass ceiling assembly quote placeholder,Structural engineer + architectural glazier,"Load path, frame, safety, retention, trim and install",Target Dark Cloud,1,quote-required set,25000,25000.0,15000,40000,custom-allowance,services,False,True,https://55glass.com/mirror.php,2026-09-28,Not released; public supplier contact available but no public assembly price.,"One coordinated quote for survey, calculations, frame/backer, module engineering, safety makeup, mechanical retention, access trim, fabrication, equipment and installation.","LOW/BASE/HIGH $15,000/$25,000/$40,000 planning allowance beyond raw glass; not a quote.",EXCLUDED and not represented as equivalent to the lightweight ACM baseline.
ARCH-051,MIR-02,Existing black ceiling and illuminated skylight/access openings retained,Existing installation,Photographed black ceiling with two rectangular illuminated openings,Black,1,existing ceiling set,0,0.0,0,0,retained,materials,True,False,assets/current-room.jpeg,2026-09-28,Existing; preserve service access and repair only measured defects.,Retain the photographed black ceiling plane and both illuminated rectangular skylight/access openings; no 8 x 8-ft insert is installed in baseline.,$0 acquisition because this is existing property. ARCH-011 pays for condition/access review.,"Explicit design compromise to protect the $25,000 project cap; reflective ACM/glass options remain deferred."
FUR-001,BAR-01,"3/4-in PureBond birch plywood, 4 x 8 ft",Columbia Forest Products,165921,birch core,2,sheet,86.89,173.78,86.89,110,observed,materials,True,False,https://www.homedepot.com/p/100077837,2026-09-28,Cataloged; local sheet flatness and delivery must be checked.,"Two sheets. Sheet A: two 42 x 25-in side blanks, two 48 x 10-in base shelf blanks and rails. Sheet B: 48 x 26-in top substrate, 46.5 x 24.5-in bottom, 34 x 24.5-in divider and service-panel stock. Track-saw kerfs and the issued shop drawing control; the supplemental 1/2-in shelf layers are purchased separately in FUR-021.",$86.89 direct-retail observation; regional stock/price may vary.,Accepted 48 x 26 x 42-in outside envelope stays; issue a cut diagram before cutting and preserve the removable appliance-bay panel.
FUR-002,BAR-01,"Matte Black Formica laminate, 4 x 8 ft",FORMICA,009091258408100,Matte Black 909-58,1,sheet,61.44,61.44,61.44,75,observed,materials,True,False,https://www.homedepot.com/p/202911604,2026-09-28,Cataloged; local delivery varies.,"One sheet for exposed cabinet faces and two shelf faces, with black-painted concealed interiors; verify yield on shop drawing.",$61.44 observed retail price.,"Approve the physical black sample beside sofa, chair and wall finishes."
FUR-003,BAR-01,"Preglued black plastic edge banding, 13/16 in. x 25 ft",Rockler,44846,black,1,roll,6.99,6.99,6.99,9.99,observed,materials,True,False,https://www.rockler.com/preglued-black-plastic-edge-banding,2026-09-28,Direct listing; stock may change.,One 25-ft roll for exposed plywood edges after the cut list is approved.,$6.99 observed direct price.,Test adhesion and corner appearance on an offcut.
FUR-004,BAR-01,"Weldwood Original contact cement, 128 fl oz",DAP,00272,tan,1,gallon,59.98,59.98,59.98,69.98,observed,materials,True,False,https://www.homedepot.com/p/100125525,2026-09-28,Cataloged; local stock varies.,"One gallon covers laminate on carcass, counter substrate and shelves; follow maker coverage and ventilation requirements.",$59.98 observed retail price.,Use only where substrate and laminate instructions permit; keep all adhesive work outside occupied studio hours.
FUR-005,BAR-01,110-degree BLUMOTION inset hinges with plates and screws,Blum,71B3750/173H710,nickel,2,pack,17.99,35.98,17.99,24.99,observed,materials,True,False,https://www.rockler.com/blum-clip-top-blumotion-110deg-inset-hinges,2026-09-28,Direct listing; verify pack contents.,Two hinge packs for one removable/serviceable bay door or panel.,$17.99 observed per pack.,Template the actual panel; preserve lift-out service even if the hinge detail changes.
FUR-006,BAR-01,Black single-door magnetic touch latch,Everbilt,9235976,black,1,each,7.99,7.99,7.99,11.99,observed,materials,True,False,https://www.homedepot.com/p/303006971,2026-09-28,Cataloged.,One push latch for the service panel.,$7.99 observed retail price.,Confirm the latch does not obstruct the future appliance bay.
FUR-007,BAR-01,Adjustable cabinet leveler legs with plinth clips,Richelieu,BP723690,black,1,pack,17.99,17.99,17.99,24.99,observed,materials,True,False,https://www.homedepot.com/p/313811426,2026-09-28,Cataloged; verify load rating and pack count.,One four-leg pack; the recessed toe-kick is cut from plywood/laminate yield.,$17.99 observed retail price; toe-kick material is included in paid sheet yield.,Level on the actual floor and restrain the carcass only from surveyed substrate details.
FUR-008,BAR-01,Toe-kick strip cut from paid plywood and black-laminate yield,Included sheet yield,BAR-01 cut list,matte black,1,strip,0,0.0,0,0,included,materials,True,False,https://www.homedepot.com/p/100077837,2026-09-28,Available only if approved nesting/cut list preserves it.,One recessed toe-kick strip comes from paid offcuts; no separate board is purchased.,Included in FUR-001/FUR-002 quantities.,Do not claim the two-sheet plan until the cut drawing shows this strip and kerfs.
FUR-009,BAR-01,4 x 10-in black aluminum ventilation grille,Richelieu,91841090,matte black,2,each,40.95,81.9,40.95,48,observed,materials,True,False,https://www.homedepot.com/p/313811535,2026-09-28,Cataloged; verify free area.,Two grilles preserve passive ventilation in the capped future-appliance bay.,$40.95 observed per grille.,This does not prove any future refrigerator installation; appliance instructions control the final cutout and ventilation.
FUR-010,BAR-01,"2-in Z-clips, ten-set pack",Everbilt,42794,zinc,1,pack,18.99,18.99,18.99,25,observed,materials,True,False,https://www.homedepot.com/p/301092547,2026-09-28,Cataloged.,One pack for removable backing/service panels; final wall restraint is substrate-specific.,$18.99 observed retail price.,Use only after wall substrate survey; root architecture carries any added blocking.
FUR-011,BAR-01,"#8 x 2-in cabinet screws, 100 pack",GRK,772691020012,yellow zinc,1,pack,12.98,12.98,12.98,17.98,observed,materials,True,False,https://www.homedepot.com/p/203525228,2026-09-28,Cataloged.,"One pack for carcass, rails, shelf blanks and service panels.",$12.98 observed retail price.,Assistant follows approved joinery and predrill schedule.
FUR-012,BAR-01,"Studio-assistant bar, counter, shelf and infill build",Independent planning allowance,14-hour assisted build,"cut, laminate, assemble and place",14,hour,40,560.0,35,50,budget-estimate,labor,True,False,https://www.bls.gov/oes/current/oes472031.htm,2026-09-28,Unquoted; assign a competent studio assistant with tools and supervision.,"Fourteen paid hours total: reserve six hours for cutting the four shelf layers, full-face glue spread, clamp setup/removal after cure, edge/laminate finishing, bracket mortises and drilling; use the remaining eight hours for measured bar layout, carcass/counter cuts, acrylic infill, assembly, leveling and punch. Overnight adhesive cure is elapsed calendar time, not unpaid work. Excludes electrician, wall blocking and finish trades.","$35-$50/hour independent planning range; $40/hour point estimate, not a quote.","Stop if the two-sheet cut plan, wall substrate, bar mockup or safe laminate work cannot be confirmed."
FUR-013,BAR-02,4 x 8-ft Blackstone high-gloss laminate sheet,FORMICA,002711290408100,Blackstone 271-90 gloss,1,sheet,72.88,72.88,72.88,85,observed,materials,True,False,https://www.homedepot.com/p/202833179,2026-09-28,Cataloged with returns; local delivery varies.,"One sheet skins the 48 x 26-in plywood top and leaves repair stock; this is a printed high-pressure laminate substitution, not stone or quartz.",$72.88 observed direct-retail price.,"GEOMETRY PRESERVED, MATERIAL CHANGED. Approve printed gloss Blackstone sample; do not describe it as honed stone."
FUR-014,BAR-02,Continuous plywood cabinet rails and side support from paid sheet yield,Included BAR-01 cut plan,support rails,concealed,1,set,0,0.0,0,0,included,materials,True,False,https://www.homedepot.com/p/100077837,2026-09-28,Conditional on the approved cut/shop drawing.,Two full-width rails and both cabinet sides continuously support the 48 x 26-in top; no unsupported overhang is budgeted.,Included in FUR-001 sheet yield and FUR-011 screws.,"If the released edge/overhang changes, re-engineer and add brackets rather than relying on this allowance."
FUR-015,BAR-02,Contact cement and black edge banding allocated from BAR-01 packs,Included shared consumables,BAR-01 shared,black,1,set,0,0.0,0,0,included,materials,True,False,https://www.homedepot.com/p/100125525,2026-09-28,Available if maker coverage/yield is confirmed.,Counter uses the contact cement and edge band paid in FUR-004 and FUR-003.,No incremental purchase beyond shared packs.,Use the exact laminate adhesive instructions; do not use stone setting methods for this substitution.
FUR-016,BAR-03,24 x 48 x 0.118-in clear acrylic sheet,OPTIX,21118102,clear acrylic,1,sheet,37.64,37.64,37.64,45,observed,materials,True,False,https://www.homedepot.com/p/310292326,2026-09-28,Cataloged; inspect for scratches before cutting.,"One field-cut bar-front infill panel; combined with smoke film below. It is impact-resistant acrylic, not safety glass.",$37.64 observed retail price.,MATERIAL CHANGED. Keep away from heat and solvents; approve scratch/reflection behavior before installing.
FUR-017,BAR-03,36 x 120-in gray smoke glare-control film,Gila,10389340,smoke gray,1,roll,29.98,29.98,29.98,35,observed,materials,True,False,https://www.homedepot.com/p/203807951,2026-09-28,In-stock listing; substrate compatibility is unproven.,"One roll cut to the acrylic infill; excess retained for repair. Maker markets this static-cling film for flat glass, so adhesion to acrylic must be tested on offcut.",$29.98 observed retail price.,"SAMPLE GATE: do not install unless the offcut test stays flat, clear and residue-free on OPTIX acrylic."
FUR-018,BAR-03,393.6 x 0.4-in peel-and-stick brushed-gold trim,Gaahing,Walmart 18957819109,brushed-gold look PVC,1,roll,19.9,19.9,19.9,25,observed,materials,True,False,https://www.walmart.com/ip/18957819109,2026-09-28,Marketplace listing; inspect exact color and adhesion.,One roll provides the bar-infill perimeter accent and shelf end-stop accents; it is decorative PVC and does not structurally retain acrylic or bottles.,$19.90 observed retail price.,MATERIAL CHANGED. Use concealed mechanical retention for acrylic and shelf loads; reject if the gold reads plastic beside room brass.
FUR-019,BAR-03,S1 black 96-in aluminum channel with frosted lens,Diode LED,DI-CPCHB-S1-96,black/frosted,1,each,62.1,62.1,62.1,75,observed,materials,True,False,https://www.diodeled.com/96-in-s1-channel-black.html,2026-09-28,Cataloged; verify compatibility with released tape.,One channel cut for the bar-front light interface; root lighting owns LED tape/driver/wiring.,$62.10 observed direct price.,"Coordinate heat, removable lens and service path with root lighting; this line contains no powered LED."
FUR-020,BAR-03,Neutral-cure clear sealant and acrylic-safe tape allowance,Independent retail allowance,acrylic-safe setting kit,clear/black concealed,1,kit,15,15.0,10,25,budget-estimate,materials,True,False,https://www.homedepot.com/b/Paint-Paint-Supplies-Caulking-Sealants-Silicone-Sealants/N-5yc1vZ1z18h7i,2026-09-28,Unselected pending sample test.,One small kit after OPTIX and film compatibility testing.,$10-$25 retail allowance; exact sealant must be selected from both makers compatibility guidance.,"Do not use untested solvent, silicone or tape on acrylic/film."
FUR-021,BAR-04,1/2-in PureBond birch project panel for two laminated bottle shelves,Columbia Forest Products,"4384, 1/2 in. x 2 ft. x 4 ft. PureBond Birch",matte black laminate,1,24 x 48-in panel,29.88,29.88,29.88,29.88,observed,materials,True,False,https://www.homedepot.com/p/311925834,2026-09-28,Direct listing; regional price and stock may vary.,"One actual 0.453-in-thick 24 x 48-in panel yields two 48 x 10-in supplemental layers. Bond each to one 0.703-in-thick base blank from FUR-001 for two nominal 48 x 10-in shelves, approximately 1.156 in thick before adhesive and laminate. This falls inside Rockler's listed 1 to 1-1/4-in standard shelf-thickness range; measure the finished glue-up before routing hardware.",$29.88 observed direct-retail price on 2026-09-28; the two 0.703-in base blanks and exposed-face laminate remain included in FUR-001/FUR-002.,"Issue the four-layer cut and glue-up drawing before cutting. Reject warped/voided stock, clamp on a flat caul, allow the adhesive's full cure, and confirm final thickness before bracket mortises."
FUR-022,BAR-04,"Heavy-duty floating shelf supports, pair",Rockler,78373,black/concealed,2,pair,19.99,39.98,19.99,19.99,observed,materials,True,False,https://www.rockler.com/rockler-i-semble-heavy-duty-floating-shelf-supports-pair,2026-09-28,Direct Add to Cart listing; verify stock at release.,"Two pairs, one pair per 48 x 10-in laminated shelf. Rockler lists two supports per pair, requires two wooden wall studs, and allows a maximum 48-in shelf length with two supports. Final stud positions, bracket mortises and fasteners require the installer's shop detail.",$19.99 observed per pair on Rockler's live item 78373 page on 2026-09-28; two pairs = $39.98.,"Rockler publishes 125 lb per pair for shelf plus load under its listed conditions and a standard 1 to 1-1/4-in shelf-thickness range. Do not assign that rating or a bottle count to this laminated assembly until the installer verifies the cured shelf, two-stud attachment, bracket layout, wall condition and actual shelf-plus-bottle load."
FUR-023,BAR-04,S1 black 48-in aluminum channel with frosted lens,Diode LED,DI-CPCHB-S1-48,black/frosted,2,each,31.5,63.0,31.5,40,observed,materials,True,False,https://www.diodeled.com/48-in-s1-channel-black.html,2026-09-28,Cataloged.,"One 48-in channel/lens per shelf; root lighting owns tape, drivers and wiring.",$31.50 observed direct price.,Route removable covers and leads away from bottles; powered lighting remains root lighting scope.
FUR-080,BAR-04,Shelf end-stop accents cut from paid brushed-gold trim roll,Included Gaahing trim yield,Walmart 18957819109 offcut,brushed-gold look PVC,2,stop,0,0.0,0,0,included,materials,True,False,https://www.walmart.com/ip/18957819109,2026-09-28,Conditional on accepted trim sample and adequate offcut yield.,Two decorative shelf-edge accents cut from the paid 393.6-in trim roll; concealed mechanical restraint remains part of the approved shelf/bracket detail.,Included in FUR-015 paid roll yield.,"Decorative accent only. Bottle restraint and shelf load rely on the released shelf/bracket/backing detail, not adhesive trim."
FUR-084,BAR-04,"Titebond II Premium wood glue for shelf laminations, 16 oz",Titebond,70169,concealed bond line,1,16-oz bottle,7.99,7.99,7.99,7.99,observed,materials,True,False,https://www.rockler.com/titebond-reg-ii-premium-wood-glue,2026-09-28,Direct listing; verify fresh stock and storage condition at purchase.,"One 16-oz bottle provides about 31.25 sq ft at Titebond's published approximate 250-sq-ft-per-gallon spread rate. The two 48 x 10-in shelf bond lines total 6.67 sq ft, leaving capacity for normal spread and waste.",$7.99 observed direct Rockler price for the 16-oz bottle on 2026-09-28; this is separate from the DAP contact cement reserved for decorative laminate.,Follow Titebond clamp/open/cure instructions and the fabricator's approved glue-up procedure. Adhesive quantity does not establish shelf load capacity.
FUR-024,BAR-05,15-in single-zone beverage cooler — future phase reference,Zephyr,PRB15C01CG,black cabinet/glass door,1,each,1499,1499.0,1499,1499,observed,materials,False,True,https://innovdepot.com/products/zephyr-prb15c01cg-15-inch-single-zone-beverage-cooler,2026-09-28,Listed; current local stock and service terms require confirmation.,"One exact accepted appliance, excluded from the hard-cap baseline.","$1,499 observed authorized-retailer price.",OPTIONAL EXCLUDED / PHASED DEFERRAL. Baseline bar has no refrigerator. Do not fabricate its final cutout or claim fit without the current installation manual and field service geometry.
FUR-025,BAR-05,Future beverage-bay receptacle coordination,Root PWR-01 scope,future dedicated receptacle,"black, accessible",1,location,0,0.0,0,0,included,materials,True,False,https://www.homedepot.com/p/100356967,2026-09-28,Deferred until appliance selection and electrical survey.,"One accessible future location is coordinated; device, circuit and electrician labor are intentionally carried by root PWR-01.",$0 furnishings to avoid duplicating root electrical pricing.,Do not energize or close the bay until root PWR releases the receptacle/circuit detail.
FUR-026,BAR-05,"Capped, removable future-appliance bay with protected floor",Included BAR-01 fabrication,future bay,black removable panel,1,bay,0,0.0,0,0,included,materials,True,False,https://www.zephyronline.com/product/presrv-beverage-cooler-prb15c01cg/,2026-09-28,Baseline available without appliance.,"Assistant leaves a removable service panel, passive grilles and intact floor finish; exact hinge clearance remains unclaimed.",Included in carcass materials/labor.,"PHASED DEFERRAL, NOT COMPLETION: measure a future appliance and its manual before changing the cap, hinges, venting or floor protection."
FUR-027,BAR-06,Emery Dipped Gold Leaf 30-in bar stool,Safavieh Couture,FOX3230C / Target TCIN 90340564,black/gold iron,3,each,112.99,338.97,112.99,129.99,observed,materials,True,False,https://www.target.com/p/-/A-90340564,2026-09-28,In stock listing; verify local delivery and finish before order.,"Three stools at exact 13.5-in overall width total 40.5 in, leaving 7.5 in overall or 3.75-in internal gaps with outer edges flush in the 48-in run. Seat height is 30 in.","$112.99 each observed, in stock, sold and shipped by Safavieh through Target.","VALUE-ENGINEERED SUBSTITUTE for Trinity. Exact width arithmetic fits; full-size occupied knee/elbow/footrest, entry, piano and future-bay mockup still controls release."
FUR-028,BAR-06,"Black self-adhesive anti-skid furniture pads, eight pack",Everbilt,49954,black felt/rubber,1,pack,4.47,4.47,4.47,7,observed,materials,True,False,https://www.homedepot.com/p/306229482,2026-09-28,Cataloged.,One pack supplies floor-safe pads for three stools after underside inspection.,$4.47 observed retail price.,Use only if compatible with the actual stool feet and finished floor; replace with stem glides if required.
FUR-029,BAR-06,Trinity 30-in backless stool — 17-in-width reference,JONATHAN Y,Target TCIN 89893519,black/gold,3,each,189.99,569.97,189.99,189.99,observed,materials,False,True,https://www.target.com/p/-/A-89893519,2026-09-28,In stock on checked date.,Original reference only: three 17-in bodies require 51 in touching and 53 in at current centers.,$189.99 each observed.,OPTIONAL EXCLUDED because it cannot fit three within the 48-in bar run.
FUR-030,KEY-01,Retained Yamaha console piano — inventory says Clavinova; accepted NU1X unverified,Yamaha,Clavinova model unresolved,retained black/polished finish to verify,1,each,0,0.0,0,0,retained,materials,True,False,https://usa.yamaha.com/products/musical_instruments/pianos/avantgrand/nu1x/specs.html,2026-09-28,$0 retained piano strategy; exact model/condition must be physically inventoried.,One in-stock Yamaha Clavinova is documented in evidence/gear-inventory.csv at 57 x 18 x 33.5 in market-standard estimate. The accepted NU1X is 59-1/8 x 18-1/4 x 40-5/16 in but ownership is not proven.,No new instrument purchase.,MODEL/GEOMETRY DEVIATION: do not claim the accepted NU1X or current 3D is satisfied unless serial/model verification proves it. Reuse the Clavinova only after Greg accepts the substitution.
FUR-031,KEY-01,Owned piano bench,Existing inventory,SEAT01,retained black,1,each,0,0.0,0,0,retained,materials,True,False,evidence/gear-inventory.csv,2026-09-28,Recorded in project inventory; recheck current presence and condition.,"One piano bench documented in stock, estimated 30 x 14 x 20 in.","$0 acquisition cost based on the sanitized project inventory; the retained model, current presence and condition remain physically unverified.",Field-measure and confirm finish/seat stability before reuse.
FUR-032,KEY-01,"Heavy-furniture square felt sliders, four pack",Everbilt,49912,brown felt,2,pack,9.93,19.86,9.93,14,observed,materials,True,False,https://www.homedepot.com/p/306229401,2026-09-28,Cataloged.,Two four-packs for console and bench; exact feet and floor finish control.,$9.93 observed per pack.,Do not move any console on unsupported glides; specialty mover decides method based on verified model/weight.
FUR-033,KEY-01,Existing power/audio leads and root AV verification,Existing inventory / root AV-01,compatible leads to verify,black,1,set,0,0.0,0,0,included,materials,True,False,evidence/gear-inventory.csv,2026-09-28,Compatibility and lengths unverified.,"Existing cable inventory exists; root AV owns signal, power coordination and commissioning.","$0 furnishings based on the sanitized project inventory; exact lead count, lengths and compatibility remain unverified and root AV owns any required purchase.",Root AV must prove the exact retained piano power/audio connection; this line authorizes no improvised mains lead.
FUR-034,KEY-01,Haddington 16-in piano banker lamp,Regency Hill,Target TCIN 80005563,antique bronze/alabaster glass,1,each,105.99,105.99,105.99,120,observed,materials,True,False,https://www.target.com/p/-/A-80005563,2026-09-28,In stock listing.,One 16-in antique-bronze piano lamp; bulb not included.,"$105.99 observed, in stock, sold/shipped by Lamps Plus through Target.","Verify lamp base, cord, sightline and finish against the retained piano; root electrical provides only compliant power access."
FUR-035,KEY-01,Specialty piano move and post-move check — if console relocates,Independent allowance,verified-model move,insured handling,1,move,350,350.0,250,550,budget-estimate,services,False,True,https://www.pianomovers.com/,2026-09-28,Unquoted.,"One local move/positioning event, excluded until model, weight and need are confirmed.",$250-$550 independent planning range; not a quote.,OPTIONAL EXCLUDED. Do not assign studio-assistant labor to move a heavy console piano.
FUR-036,SEAT-01,"Alpine 90-in sofa, SKU 64190-3-MBB",Jennifer Taylor Home,64190-3-MBB,Ebony Black Boucle,1,each,1252.99,1252.99,1252.99,1252.99,observed,materials,True,False,https://www.jennifertaylorhome.com/alpine-90-sherpa-sofa-ebony-black-boucle/,2026-09-28,Direct listing; verify current stock and delivery route.,One selected 90.5 W x 36 D x 27.5 H-in sofa.,"$1,252.99 observed direct.",Selected reference; confirm the published 90 versus 90.5-in discrepancy and room route before ordering.
FUR-037,SEAT-01,Factory leg and assembly hardware,Jennifer Taylor Home,included with 64190-3-MBB,black,1,set,0,0.0,0,0,included,materials,True,False,https://www.jennifertaylorhome.com/alpine-90-sherpa-sofa-ebony-black-boucle/,2026-09-28,"Included, inspect at receipt.",One factory hardware set included with sofa.,Included in sofa price.,Follow manufacturer assembly; report missing hardware before field substitution.
FUR-038,SEAT-01,"Black anti-skid furniture pads, eight pack",Everbilt,49954,black,1,pack,4.47,4.47,4.47,7,observed,materials,True,False,https://www.homedepot.com/p/306229482,2026-09-28,Cataloged.,One pack for sofa legs after finish compatibility check.,$4.47 observed.,Use only after inspecting actual leg contact area and floor finish.
FUR-039,SEAT-02,"DYVLINGE swivel chair, article 805.708.31",IKEA,805.708.31,Kelinge black/chrome-color base,2,each,199,398.0,199,199,observed,materials,True,False,https://www.ikea.com/us/en/p/dyvlinge-swivel-chair-kelinge-black-80570831/,2026-09-28,Direct listing; local stock/delivery varies.,Two selected 24.75 W x 29.5 D x 26.75 H-in chairs.,$199 each observed direct.,Tape full occupied swivel envelopes and approve low 16.875-in seat height before ordering.
FUR-040,SEAT-02,Factory swivel-base hardware and integrated floor-contact feet,IKEA,included with 805.708.31,chrome-color/black,2,set,0,0.0,0,0,included,materials,True,False,https://www.ikea.com/us/en/p/dyvlinge-swivel-chair-kelinge-black-80570831/,2026-09-28,Included; inspect feet at assembly.,One factory hardware/foot set per chair.,Included in chair price.,"If factory feet mark the released floor, add manufacturer-compatible protection after swivel/stability testing."
FUR-041,SEAT-03,30-in tinted-glass round coffee table,17 Stories,Wayfair W117302305,tinted tempered glass/gold-tone nested base,1,each,309.99,309.99,309.99,309.99,observed,materials,False,True,https://www.wayfair.com/furniture/pdp/17-stories-modern-contemporary-metal-nested-base-tinted-tempered-glass-top-30-inch-round-coffee-table-for-living-room-w117302305.html,2026-09-28,Listing fields conflict: title says tinted tempered glass while specifications say metal/chrome.,One 30-in-diameter x 17-in-high table. Diameter matches; height is 1 in above accepted 16 in.,$309.99 observed retail listing.,OPTIONAL EXCLUDED. Do not buy without written material/finish confirmation; the Tully is the better-supported baseline.
FUR-042,SEAT-03,Custom 30 x 16-in black-pedestal/smoked-glass/brass table — unconstrained alternate,Custom fabricator,design alternate,smoked glass/black/brass,1,each,1250,1250.0,900,1800,custom-allowance,materials,False,True,https://www.glass.com/,2026-09-28,Unquoted.,"One exact accepted 30-in diameter x 16-in-high custom table, excluded from cap baseline.","$900-$1,800 independent allowance; no vendor quote.",OPTIONAL EXCLUDED. Preserve as preferred design alternate; do not describe the retail fallback as identical.
FUR-043,SEAT-03,Bunga Glass Top Single Coffee Table,By-Boo,Wayfair YBOO1890,black glass/black base/gold rim,1,each,614.99,614.99,614.99,614.99,observed,materials,False,True,https://www.wayfair.com/furniture/pdp/by-boo-bunga-solid-coffee-table-yboo1890.html,2026-09-28,Out of stock.,One exact-size reference only.,$614.99 observed before stock loss.,REFERENCE ONLY; excluded from base.
FUR-044,SEAT-03,"Black anti-skid furniture pads, eight pack",Everbilt,49954,black,1,pack,4.47,4.47,4.47,7,observed,materials,True,False,https://www.homedepot.com/p/306229482,2026-09-28,Cataloged.,One pack for table base contact points if compatible.,$4.47 observed.,Confirm the actual base accepts pads without reducing stability.
FUR-079,SEAT-03,Tully 30-in round tinted-glass pedestal coffee table,LeisureMod,TCBL30GR-BL,grey/black tinted glass with brushed-gold iron rim,1,each,477.47,477.47,477.47,516,observed,materials,False,True,https://www.bedbathandbeyond.com/c/living-room-furniture/living-room-tables?a1158=3740&a230091=3142&brand=leisuremod&t=24448,2026-09-28,Retailer family listing showed two-day delivery; exact configuration/price must be confirmed before order.,One 29.52-in-diameter x 14.56-in-high fully assembled table: 0.48 in smaller in diameter and 1.44 in lower than the accepted 30 x 16-in envelope.,$477.47 observed category price for Tully round glass/stone coffee-table family; high value is the $516 exact Grey/Black Home Depot listing. Confirm the exact glass/gold configuration at checkout.,OPTIONAL EXCLUDED upgrade. It tracks the preferred pedestal/glass/brass look more closely but exceeds the cap baseline.
FUR-081,SEAT-03,30.7-in black tempered-glass coffee table with gold frame,Qualler,CH35CT530B / Home Depot 341788115,black tempered glass/gold-finish metal frame,1,each,227.99,227.99,227.99,342.99,observed,materials,True,False,https://www.homedepot.com/p/341788115,2026-09-28,Add to Cart listing with 30-day returns; local fulfillment varies.,"One 30.7-in-diameter x 18.5-in-high table with black tempered-glass top, gold-finish metal frame, lower shelf and 80-lb capacity. It is 0.7 in wider and 2.5 in taller than the accepted 30 x 16-in envelope.",$227.99 observed sale price; high value is the displayed $342.99 comparison price.,BASELINE MASS-MARKET SUBSTITUTE. It keeps real black glass and gold metal but changes pedestal silhouette to an open geometric frame and height to 18.5 in; tape/update the model before claiming fit.
FUR-045,SEAT-04,"Harput black updated-traditional rug, nominal 8 x 10",Livabliss / Surya,HAP1087-710103,black/charcoal/light gray/white,1,each,151.68,151.68,151.68,203.1,observed,materials,True,False,https://www.lowes.com/pd/Surya-Harput-7-ft10-in-x-10-ft3-in-Updated-Traditional-Area-Rug-Black/1001180924,2026-09-28,Add to Cart listing showed 215 available and free outside delivery; verify destination checkout.,"One actual 7.8 x 10.25-ft rug (93.6 x 123 in), replacing the accepted true 9 x 10 ft (108 x 120 in): 14.4 in narrower and 3 in longer.",$151.68 observed current sale price; high value is the displayed $203.10 comparison price.,BASELINE SIZE SUBSTITUTION. Tape 93.6 x 123 in and update the model/rug footprint before release; do not call this a true 9 x 10.
FUR-046,SEAT-04,Premium Great Grip 8 x 10-ft rug pad,TrafficMaster,14041,gray,1,each,63,63.0,63,86.97,observed,materials,True,False,https://www.homedepot.com/p/206984046,2026-09-28,Cataloged.,One nominal 8 x 10 pad trimmed at least 1 in inside all edges of the actual 94 x 123-in rug.,$63 observed sale price; high carries regular-price movement.,Verify floor-finish compatibility and final trim after rug arrives.
FUR-047,SEAT-04,"Sloane Black Flatwoven Rug + Standard Pad, 8 x 10",Ruggable,Sloane Black 8x10,black patterned,1,system,579,579.0,579,579,observed,materials,False,True,https://ruggable.com/products/sloane-black-rug,2026-09-28,Listed.,Wrong-size alternate only.,$579 observed.,OPTIONAL EXCLUDED; do not silently replace selected 94 x 123-in baseline or accepted 9 x 10.
FUR-048,SEAT-04,"Sloane Black Flatwoven Rug + Standard Pad, 9 x 12",Ruggable,Sloane Black 9x12,black patterned,1,system,729,729.0,729,729,observed,materials,False,True,https://ruggable.com/products/sloane-black-rug,2026-09-28,Listed.,Wrong-size alternate only.,$729 observed.,OPTIONAL EXCLUDED; requires a separate route/clearance mockup.
FUR-049,SEAT-04,True custom 9 x 10-ft dark patterned rug — unconstrained alternate,Custom rug workroom,9x10 custom,dark patterned low pile,1,each,1850,1850.0,1400,2400,custom-allowance,materials,False,True,https://www.starkcarpet.com/,2026-09-28,Unquoted.,"One exact 108 x 120-in custom rug, excluded from cap baseline.","$1,400-$2,400 independent allowance; no vendor quote.",OPTIONAL EXCLUDED. Preserve as geometry-correct design alternate.
ARCH-016,FIN-01,Existing warm-honey resilient plank main-room floor retained,Existing installation; manufacturer/SKU unverified,Warm-honey wood-look resilient plank,Warm honey wood look,298.75,existing-sq-ft,0,0.0,0,0,retained,materials,True,False,assets/current-room.jpeg,2026-09-28,"Existing; inspect locks, surface damage, flatness and spare stock.",Retain the visible 298.75-sq-ft main-room floor and any compatible owner spare after condition inspection.,No acquisition cost; actual floor is existing property. Karndean Ebony remains an excluded replacement alternate.,EXPLICIT VISUAL CHANGE: baseline keeps the photographed warm-honey floor rather than the concept’s dark ebony floor.
ARCH-017,FIN-01,Existing perimeter base/trim retained and cleaned,Existing installation,Existing black perimeter finish,Black,1,existing set,0,0.0,0,0,retained,materials,True,False,https://www.floorcity.com/products/roppe-700-series-wall-base-100-black-4-in-x-120-ft-roll-cove,2026-09-28,CONDITION HOLD: replace only damaged measured lengths.,Retain existing serviceable base/trim around the main floor; localized touch-up is in FIN-04 consumables.,No acquisition cost.,No full base replacement in constrained baseline.
ARCH-018,FIN-01,Existing flat-floor transitions retained; damaged profiles held to measured replacement,Existing installation,Existing transition profiles,Dark/black,1,existing set,0,0.0,0,0,retained,materials,True,False,https://www.schluter.com/schluter-us/en_US/pricelist-download,2026-09-28,CONDITION HOLD: installer records any damaged profile length before purchase.,Retain existing serviceable transitions. Raised-platform edges are separately held in ARCH-022/023.,No acquisition cost.,Shared FIN-01/BOO-02 retained condition; no blind replacement order.
ARCH-019,FIN-01,Localized floor patch material,MAPEI,Planipatch 25-lb bag,Gray,1,25-lb bag,18.48,18.48,18.48,18.48,observed,materials,False,False,https://www.lowes.com/pd/MAPEI-Planipatch-25-lb-Powder-Indoor-Skimcoat-and-Floor-Patch/5014194887,2026-09-28,Listed purchasable; substrate compatibility and depth must be confirmed.,One bag for isolated repair only after lifting affected planks/finishes.,Observed $18.48/bag on 2026-09-28.,CROSS-SCOPE FIN-01/BOO-02. No moisture mitigation or broad leveling is assumed.
ARCH-020,FIN-01,Paid main-floor retention/condition inspection,Qualified resilient-floor installer,Retain-and-repair visit,N/A,1,labor-hour,65,65.0,55,85,budget-estimate,labor,True,False,https://znetflooring.com/karndean-van-gogh-rigid-core-ebony,2026-09-28,Schedule before final paint/protection.,"One paid installer hour for main-floor, spare-stock, transition and substrate condition record before the retain decision.",Estimated skilled inspection labor only: 1 hour x LOW/BASE/HIGH $55/$65/$85. Any repair beyond inspection is a measured change.,"Inspection only. Any reset/patch work is measured and priced before proceeding; stop if moisture, lock damage or flatness failure is found."
ARCH-021,FIN-01,EXCLUDED alternate — full Karndean SCB89 replacement order,Karndean,Van Gogh Rigid Core Ebony SCB89,Ebony,15,23.64-sq-ft carton,78.25,1173.75,78.25,78.25,observed,materials,False,True,https://znetflooring.com/karndean-van-gogh-rigid-core-ebony,2026-09-28,Verify stock/dye lot before optional replacement.,15 cartons = 354.6 gross sq ft for 298.75 sq ft net plus 18.7% waste/spare.,Observed $78.25/carton on 2026-09-28.,EXCLUDED unless condition survey rejects existing floor.
ARCH-022,FIN-01,EXCLUDED conditional — both raised-platform sides finish/nosing set,Measured product TBD,"Finish boards, approved nosing, adhesive and fasteners",Match dark floor/black edge,1,combined two-side set,300,300.0,200,600,custom-allowance,materials,False,True,https://www.schluter.com/schluter-us/en_US/pricelist-download,2026-09-28,Do not order before both sides are measured.,One combined set for both raised-platform sides; no lengths/heights are known.,LOW/BASE/HIGH $200/$300/$600 placeholder pending measured cutlist and selected profile.,EXCLUDED from baseline until measurements establish need; no fictitious known sizes.
ARCH-023,FIN-01,EXCLUDED conditional — install both raised-platform side finishes/nosings,Qualified finish carpenter,"Both sides, measured scope",N/A,4,labor-hour,75,300.0,65,95,budget-estimate,labor,False,True,https://www.schluter.com/schluter-us/en_US/pricelist-download,2026-09-28,Only after measurement and material selection.,Four skilled hours provisional for both sides after cutlist; substrate reconstruction excluded.,Estimated labor: 4 hours x LOW/BASE/HIGH $65/$75/$95.,EXCLUDED with ARCH-022 pending geometry.
ARCH-024,FIN-02,New FR701 Black fabric for full retained acoustic-wall field,Guilford of Maine,FR701 Style 2100 color 408 Black,Black 408,35,linear-yard,43.15,1510.25,43.15,43.15,observed,materials,True,False,https://www.soundaway.com/FR701-Acoustical-Fabric-s/147.htm,2026-09-28,Listed purchasable; confirm Black 408 stock/dye lot before order.,"609.92 gross wall sq ft less the five installed 24 x 65-in stock arch footprints (49.87 sq ft total, using the project takeoff's rectangular bodies plus nominal 12-in-radius semicircular tops) and 66.08 sq ft of new slats = 493.97 sq ft before openings. x 1.15 = 568.07 gross sq ft / 16.5 sq ft per 66-in-wide yard = 34.43, rounded up to 35 yards. Confirm the physical frame outline and field openings before release.","Observed $43.15 per linear yard on 2026-09-28; 35 yards = $1,510.25.",NEW PURCHASE REQUIRED. Current photo shows light-gray fabric. Installer removes/replaces the exposed fabric while reusing serviceable core and track; openings may create owner spare.
ARCH-025,FIN-02,Existing acoustic core and track retained for black re-skin,Existing installation; track/core manufacturer to verify,Existing fabric-track and acoustic-core substrate,Concealed under new Black 408 fabric,1,existing wall system,0,0.0,0,0,retained,materials,True,False,https://www.fabritrak.com/,2026-09-28,"CONDITION HOLD: verify track grip, core dryness/damage and fire documentation before fabric order.",Reuse serviceable track and acoustic core across the 493.97-sq-ft wall field before field openings; only the photographed light-gray face fabric is replaced.,No acquisition cost; full replacement is outside constrained baseline.,"Retained component claim is limited to core/track, which are visibly supporting the current fabric system; exact brands remain unverified."
ARCH-026,FIN-02,"New black acoustic-wall edge, corner and penetration repair components",Approved compatible repair components,"Black track splines, edge tape and small fasteners",Black,1,repair set,100,100.0,60,175,budget-estimate,materials,True,False,https://www.fabritrak.com/,2026-09-28,Do not buy until installed system is identified.,One measured repair set for perimeter/corner/outlet/HVAC interfaces disturbed by the full black fabric re-skin.,LOW/BASE/HIGH $60/$100/$175; component allowance pending installed-system identification.,NEW PURCHASE allowance. Identify installed track system before buying compatible splines/edge pieces; do not mix track brands blindly.
ARCH-027,FIN-02,Paid studio assistants: remove gray fabric and install/re-tension Black 408,Paid studio assistants under skilled direction,Two-assistant wall re-skin crew,N/A,20,assistant-hour,40,800.0,35,45,budget-estimate,labor,True,False,https://www.fabritrak.com/,2026-09-28,After condition survey and compatible material identification.,"Two paid studio assistants x 10 hours = 20 assistant-hours for protection, gray-fabric removal, black fabric placement/re-tension support and cleanup.",Paid labor estimate: 20 hours x LOW/BASE/HIGH $35/$40/$45. Skilled fabric-track supervision is separately costed in ARCH-055.,No free crew is assumed. Assistants work only under ARCH-055 skilled direction; stop and field-quote if track/core fail or re-tension requires specialist-only execution.
ARCH-055,FIN-02,Skilled fabric-track supervisor for black wall re-skin,Qualified fabric-track installer,"Method approval, start-up, tension/edge checks and closeout",N/A,4,supervisor-hour,85,340.0,75,110,budget-estimate,labor,True,False,https://www.fabritrak.com/,2026-09-28,Book before gray-fabric removal.,"Four paid skilled hours: substrate/track check, assistant start-up, mid-install tension/edge review and final acceptance.",Estimated skilled supervision: 4 hours x LOW/BASE/HIGH $75/$85/$110.,Assistants do not replace required system judgment. Stop and obtain a field quote if installed track identity/condition or complex re-tensioning requires full specialist labor.
ARCH-028,FIN-03,New matte-black full-height acoustic slat panel sets,Seafuloy,"LAF-XY2-Black, 94.5-in solid-wood acoustic panels, 4-pack",Matte black slat,2,4-panel set,122.44,244.88,122.44,122.44,observed,materials,True,False,https://www.homedepot.com/p/337802144,2026-09-28,Listed purchasable with 90-day returns; order only after sample/finish and substrate-support gate.,"Each 4-panel set covers 50.85 sq ft; two sets provide 101.70 gross sq ft against the 66.08-sq-ft target, leaving 35.62 sq ft for cuts, return geometry and owner spare.",Observed $122.44 per 4-panel set at Home Depot on 2026-09-28; two = $244.88.,"VALUE-ENGINEERED SUBSTITUTION for WoodUpp item 1029. Preserves tall matte-black slat appearance but changes brand, slat module and exact acoustic performance. Field quote/sample approval is mandatory before order."
ARCH-029,FIN-03,Seafuloy factory peel-and-stick mounting provision,Seafuloy,Factory peel-and-stick installation provision with LAF-XY2-Black,Concealed,2,included set,0,0.0,0,0,included,materials,True,False,https://www.homedepot.com/p/337802144,2026-09-28,Included with product construction; substrate adhesion/support must be confirmed.,One factory mounting provision included per purchased 4-panel set; two sets total.,$0 incremental because the product page describes peel-and-stick installation. No separate fastener purchase is assumed unless field review rejects the backing/substrate.,"Do not rely on adhesive over fabric or weak core. If the retained substrate cannot support the panels, stop and field-quote approved backing/fasteners; do not improvise."
ARCH-030,FIN-03,New black removable penetration/access trim set for slat returns,Approved compatible trim,Black edge tape/trim and removable fasteners,Black,1,repair set,75,75.0,40,125,budget-estimate,materials,True,False,https://woodupp.com/collections/akupanel-installation-products,2026-09-28,Buy after access needs are measured.,One measured set for all required penetrations and removable access edges in the new slat returns.,LOW/BASE/HIGH $40/$75/$125 pending field count.,NEW PURCHASE allowance; exact components follow field cutlist and access coordination.
ARCH-031,FIN-03,Paid studio assistants: install value-engineered matte-black slat panels,Paid studio assistants under skilled direction,Two-set Seafuloy cut/fit installation support,N/A,10,assistant-hour,40,400.0,35,45,budget-estimate,labor,True,False,https://woodupp.com/products/akupanel,2026-09-28,"Only after sample acceptance, measured cutlist and support/adhesion gate.","Ten paid assistant-hours for layout support, measured cutting, panel placement and cleanup after supervisor approves substrate/mounting method.",Paid labor estimate: 10 hours x LOW/BASE/HIGH $35/$40/$45. Skilled supervisory time is ARCH-056.,"No free crew is assumed. Stops for a field quote if backing, battens, mechanical fasteners or specialist-only installation are required."
ARCH-048,FIN-03,New 1 x 2 x 8-ft slat-return battens,Commodity kiln-dried furring,1 x 2 x 8-ft furring strip price basis,Concealed,16,8-ft piece,3.5,56.0,2.5,5,budget-estimate,materials,False,False,https://www.homedepot.com/p/100009348,2026-09-28,Verify straight/dry stock and approved assembly before order.,Sixteen 8-ft pieces = 128 linear ft gross for new return battens; final spacing/cutlist follows field measurement.,"LOW/BASE/HIGH $2.50/$3.50/$5.00 per piece; current commodity allowance, not structural lumber specification.",CONDITIONAL AND EXCLUDED from baseline. Do not buy unless the slat substrate/support gate requires this component and a field quote releases it; avoid duplicating retained acoustic core or factory panel backing.
ARCH-049,FIN-03,New ROCKWOOL Safe'n'Sound cavity insulation,ROCKWOOL,"Safe'n'Sound 3-in batts, 59.7-sq-ft pack",Concealed,2,59.7-sq-ft pack,83.98,167.96,83.98,83.98,observed,materials,False,False,https://www.homedepot.com/p/202531875,2026-09-28,Listed purchasable; use only if approved assembly retains a cavity.,Two packs = 119.4 gross sq ft for the 66.08-sq-ft target plus cavity cuts/yield.,Observed $83.98/pack direct-retail price on 2026-09-28.,CONDITIONAL AND EXCLUDED from baseline. Do not buy unless the slat substrate/support gate requires this component and a field quote releases it; avoid duplicating retained acoustic core or factory panel backing.
ARCH-050,FIN-03,New WoodUpp black wrapped end lamellas,WoodUpp,"Black wrapped end lamella, 2.2 cm",Black wrapped,5,end-lamella,37.5,187.5,37.5,37.5,observed,materials,False,False,https://woodupp.com/products/installation-products-end-lamella-colored-black-wrapped-2-2-cm,2026-09-28,Listed purchasable; verify compatibility with item 1029.,One gross end-lamella per new panel for terminations/infill; final cuts may leave owner spare.,Observed $37.50 each manufacturer-direct on 2026-09-28.,CONDITIONAL AND EXCLUDED from baseline. Do not buy unless the slat substrate/support gate requires this component and a field quote releases it; avoid duplicating retained acoustic core or factory panel backing.
ARCH-056,FIN-03,Skilled slat-panel supervisor and substrate/mounting gate,Qualified finish carpenter,"Sample, support, layout and closeout review",N/A,2,supervisor-hour,85,170.0,75,110,budget-estimate,labor,True,False,https://www.homedepot.com/p/337802144,2026-09-28,Required before panel order/installation.,"Two paid skilled hours for substrate/support approval, mounting-method disposition, assistant layout/start and final acceptance.",Estimated skilled supervision: 2 hours x LOW/BASE/HIGH $75/$85/$110.,"MANDATORY FIELD-QUOTE STOP: if retained core/track/wall cannot safely support the panels or factory adhesive is unsuitable, do not order; price approved backing/fasteners and revise total."
ARCH-032,FIN-04,Aura Matte charcoal/black touch-up finish,Benjamin Moore,"Aura N522 Matte, Black Beauty 2128-10",Black Beauty 2128-10 or approved charcoal match,1,gallon,108.99,108.99,108.99,108.99,observed,materials,True,False,https://www.benjaminmoore.com/en-us/product/aura-interior-paint-matte-1-gallon-black-beauty-2128-10/N522/ZWB100000001866331,2026-09-28,Listed current product; final sheen/color by mockup.,"One gallon for measured solid-wall, ceiling/fascia, door/storage-front and reveal touch-up only; not a full 298.75-sq-ft ceiling repaint.",Observed $108.99/gallon manufacturer page on 2026-09-28.,"CROSS-SCOPE FIN-04/FIN-02 assigned once. Fabric, mirror and slat footprints are excluded."
ARCH-033,FIN-04,Fresh Start primer for bare/patch repairs,Benjamin Moore,Fresh Start 046 High-Hiding All Purpose Primer,White/tintable,1,gallon,54.99,54.99,54.99,54.99,observed,materials,True,False,https://www.benjaminmoore.com/en-us/product/fresh-start-high-hiding-all-purpose-primer-1-gallon-white-00/0046/ZWB100000001411415,2026-09-28,Listed current product; substrate-specific primer may replace it after testing.,One gallon for localized bare/patch/stain areas; unused remainder retained.,Observed $54.99/gallon manufacturer page on 2026-09-28.,No full-wall prime assumption.
ARCH-034,FIN-04,EXCLUDED optional Scuff-X high-touch alternate,Benjamin Moore,Scuff-X N484 Interior Matte,Approved charcoal/black,1,gallon,70.58,70.58,70.58,70.58,observed,materials,False,True,https://www.hooverpaint.com/products/scuff-x-matte,2026-09-28,Verify color and stock.,One gallon only if owner selects a separate high-touch coating after mockup.,Observed $70.58/gallon direct-distributor price on 2026-09-28.,EXCLUDED optional alternate; do not duplicate Aura coverage.
ARCH-035,FIN-04,"Patch, abrasives, cleaner, masking and floor protection bundle",Trade consumables,Localized finish-prep bundle,Mixed,1,consumables bundle,150,150.0,100,225,budget-estimate,materials,True,False,https://www.benjaminmoore.com/en-us/project-ideas-inspiration/interiors/painting-walls,2026-09-28,Buy after walkthrough defines touch-up limits.,"One bundle for measured touch-up areas, retained doors/storage fronts, ceiling-insert black edges and protection.","LOW/BASE/HIGH $100/$150/$225 consumables estimate, not a quote.",Includes retained-door/storage-front prep interfaces once; does not include hardware replacement.
ARCH-036,FIN-04,Localized ceiling/fascia/solid-wall/door/storage-front paint touch-up,Qualified painter,One-day protected touch-up scope,Charcoal/black,8,labor-hour,65,520.0,55,85,budget-estimate,labor,True,False,https://www.benjaminmoore.com/en-us/project-ideas-inspiration/interiors/painting-walls,2026-09-28,After all drilling/carpentry and finish mockup.,"One painter x one 8-hour day for prep, spot prime, finish touch-up and cleanup.",Estimated skilled labor: 8 hours x LOW/BASE/HIGH $55/$65/$85.,Full-room repaint is outside constrained baseline; condition walkthrough fixes touch-up limits.
ARCH-047,FIN-04,Existing doors and storage fronts retained for localized finish touch-up,Existing installation,Existing door and storage-front assemblies,Charcoal/black touch-up to approved mockup,1,existing combined set,0,0.0,0,0,retained,materials,True,False,research/installation-guide.json,2026-09-28,"Existing; verify operation, hardware masking and finish condition before painting.",All existing doors and storage fronts visible within the owned finish scope are retained; no replacement leaf/front quantity is inferred.,$0 acquisition because assemblies are retained. Their prep consumables and paid touch-up labor are assigned once in ARCH-035/036.,"Explicit retained-detail row; replacement hardware, damaged fronts or door reconstruction require measured changes."
FUR-050,DESK-01,"Heavy-duty adjustable-height workbench, 72 x 30 in",National Public Seating,SLT3-3072H,black frame/black top,1,each,400.59,400.59,400.59,460,observed,materials,False,True,https://www.homedepot.com/p/317220739,2026-09-28,Listed; local fulfillment varies.,One 72 W x 30 D-in fallback bench if the existing photo-documented worktable fails field fit/condition. Length matches accepted 72 in; depth is 2 in shallower than accepted 32 in.,$400.59 observed direct-retail price.,"OPTIONAL FALLBACK. Buy only if the existing worktable fails measured 72 x 32 x 30 fit, stability, equipment, knee and service checks; update model if selected."
FUR-051,DESK-01,12U angled open desktop rack stand,Gator Frameworks,GFW-DESKTOPRK-12U,black powder-coated metal,1,each,49.99,49.99,49.99,49.99,observed,materials,True,False,https://www.sweetwater.com/store/detail/DeskTopRk12U--gator-frameworks-angled-12u-metal-desktop-rack,2026-09-28,In stock direct retailer.,"One external 12U open stand, 20.4 W x 13.9 D x 23 H in, 75-lb maximum, with rubber feet and 10-32 rack screws.","$49.99 observed, in stock.","FORM CHANGE: external angled open rack replaces under-desk enclosure. Root AV must approve 75-lb load, rack elevation, depth, heat, reach and cable bend radius."
FUR-052,DESK-01,"1U universal vented rack shelf, 9.37-in deep",Gator,GEAR-1U-9.37,black steel,1,each,64.99,64.99,64.99,75,observed,materials,True,False,https://www.sweetwater.com/store/detail/GEAR1U--gator-grw-shelf1universal,2026-09-28,Cataloged; verify load/depth.,One shelf for non-rackmount device only if the root AV elevation requires it.,$64.99 observed.,Root AV must confirm it is needed and does not exceed rack load/depth.
FUR-053,DESK-01,1U vented rack blank panel,Penn Elcom,R1268/1UK,black,2,each,8.95,17.9,8.95,12,observed,materials,True,False,https://www.parts-express.com/Penn-Elcom-R1268-1UK-1U-Vented-Rack-Panel-Black-262-328,2026-09-28,Cataloged.,Two blanks as initial airflow/finger guards; final count follows root AV elevation.,$8.95 observed each.,Reconcile after rack equipment elevation; do not block required airflow.
FUR-054,DESK-01,10-32 rack screws included with Gator stand,Gator Frameworks,included with GFW-DESKTOPRK-12U,black/zinc,1,set,0,0.0,0,0,included,materials,True,False,https://store.willismusic.com/product/gfw-desktoprk-12u/,2026-09-28,Included according to dealer description; count at receipt.,One manufacturer screw set included with stand.,Included in rack price.,Buy additional hardware only after root AV rack elevation/count.
FUR-055,DESK-01,Quiet 1U rack exhaust fan — heat-triggered alternate,AC Infinity,CLOUDPLATE T1,black,1,each,139,139.0,139,159,observed,materials,False,True,https://acinfinity.com/component-cooling/rack-fans/cloudplate-t1-quiet-rack-cooling-fan-system-1u-exhaust/,2026-09-28,Cataloged.,One 1U fan excluded unless root AV heat/load review requires active exhaust.,$139 observed direct.,OPTIONAL EXCLUDED; open rack is passive baseline and root AV decides need/noise.
FUR-056,DESK-01,32-in black steel under-desk cable tray,Mount-It!,MI-7280,black,2,each,13.54,27.08,13.54,18,observed,materials,True,False,https://www.homedepot.com/p/310317529,2026-09-28,Cataloged.,Two trays under the 72-in bench; root AV controls actual cable segregation and fill.,$13.54 observed each.,"Template against knees, legs, rack and clamp-on arms before drilling."
FUR-057,DESK-01,2-in standard plastic desk grommet,Rockler,22143,black,3,each,3.99,11.97,3.99,5.99,observed,materials,True,False,https://www.rockler.com/2-standard-plastic-grommet,2026-09-28,Direct listing.,Three grommets only after root AV marks cable groups and safe hole locations.,$3.99 observed each.,Do not bore the purchased top until underside structure and cable schedule are verified.
FUR-058,DESK-01,Dual monitor arm,Mount-It!,MI-1772B,black,1,each,39.99,39.99,39.99,55,observed,materials,True,False,https://www.homedepot.com/p/329799201,2026-09-28,Cataloged.,One dual arm; screen sizes/weights and clamp opening must be verified.,$39.99 observed.,"Approve exact displays, clamp interface and sightlines before ordering."
FUR-059,DESK-01,Equipment restraint and isolation consumables,Independent allowance,hook-loop/isolation kit,black,1,kit,25,25.0,15,40,budget-estimate,materials,True,False,https://www.homedepot.com/b/Storage-Organization-Hooks/VELCRO/N-5yc1vZc89iZ4as,2026-09-28,Unselected pending equipment template.,One modest kit after equipment template; no substitute for engineered speaker/rack restraint.,$15-$40 retail planning range.,"Use only manufacturer-compatible, reversible restraints."
FUR-060,DESK-01,"Factory workbench frame, leveling feet and fasteners",National Public Seating,included with SLT3-3072H,black,1,set,0,0.0,0,0,included,materials,True,False,https://www.homedepot.com/p/317220739,2026-09-28,Included; verify contents and leveling range.,One factory frame/hardware set; building restraint added only after substrate survey.,Included in workbench price.,Do not anchor through unknown floor/wall assemblies; root architecture supplies added backing if required.
FUR-061,DESK-01,"FLINTAN office chair, black",IKEA,904.890.29,black mesh/fabric,1,each,99.99,99.99,99.99,119.99,observed,materials,False,True,https://www.ikea.com/us/en/p/flintan-office-chair-black-90489029/,2026-09-28,Listed; delivery/local stock varies.,One 28 W x 28 D-in fallback only if the existing photo-documented rolling chair fails inspection.,$99.99 observed direct.,"OPTIONAL FALLBACK. Buy only if the existing rolling chair fails condition, caster, ergonomic and clearance checks."
FUR-062,DESK-01,"Desk, rack and production-chair assembly",Independent planning allowance,4-hour setup,assembly/template/level,4,hour,40,160.0,35,50,budget-estimate,labor,True,False,https://www.bls.gov/oes/current/oes472031.htm,2026-09-28,Unquoted.,"Four hours to assemble bench/chair/rack, level, dry-template equipment, mount approved trays/grommets/arm and punch. Excludes AV cabling/commissioning and electrician work.","$35-$50/hour planning range; $40 point estimate, not a quote.",Root AV must approve rack elevation and cable/grommet marks before drilling.
FUR-082,DESK-01,Existing black worktable retained conditionally,Existing room inventory,photo-documented; maker unknown,black,1,each,0,0.0,0,0,retained,materials,True,False,assets/current-room.jpeg,2026-09-28,Physically present in dated room photo; current location/condition must be rechecked.,"At least one black worktable is visibly documented along the current room wall; exact width, depth, height, load capacity and condition are not recorded.","$0 acquisition cost only if the photo-documented worktable is still present and passes field measurement, condition and load checks; maker/model remain unverified.","CONDITIONAL RETENTION. Measure against 72 x 32 x 30 accepted envelope and template console, displays, speakers, knees, rack, service and restraint. Use the excluded NPS fallback if it fails."
FUR-083,DESK-01,Existing rolling production chair retained conditionally,Existing room inventory,photo-documented; maker unknown,light upholstery/black frame,1,each,0,0.0,0,0,retained,materials,True,False,assets/current-room.jpeg,2026-09-28,Physically present in dated room photo; current location/condition must be rechecked.,"A rolling chair is visible at the worktable in current-room.jpeg; exact maker, dimensions, ergonomics, caster condition and load rating are not recorded.","$0 acquisition cost only if the photo-documented chair is still present and passes field condition, caster and ergonomic checks; maker/model remain unverified.","CONDITIONAL RETENTION. Inspect seat/back, lift, casters, floor safety, 28-in modeled envelope and desk/speaker route. Use excluded FLINTAN fallback if it fails."
SYS-016,TV-01,TCL 50S551G legacy shape reference — no purchase,TCL,,Black or concealed unless specified,0,reference,0,0.0,0,0,included,materials,False,False,https://us.tcl.com/products/tcl-50-s-class-4k-uhd-hdr-led-smart-tv-with-google-tv-50s551g,2026-09-28,Supplier confirmation required,Planning allowance: 0 reference; confirm field takeoff.,"Independent planning estimate, not a supplier quote. Linked source identifies the product/system or scope.",50Q651G is the purchase candidate below; do not buy both.
SYS-017,TV-01,TCL 50Q651G 50-in Q6 QLED TV,TCL,50Q651G,Black or concealed unless specified,1,display,299.99,299.99,299.99,299.99,observed,materials,True,False,https://us.tcl.com/products/q-class-4k-uhd-hdr-qled-smart-tv-with-google-tv?variant=44055800053825,2026-09-28,Exact 50Q651G variant listed available,Same 43.7 × 25.4 × 2.8-in cabinet as modeled; one TV.,Displayed unit price; tax/freight extra.,Confirm M-13 and delivered model manual; do not substitute Q650G instructions.
SYS-018,TV-01,SANUS Elite super-slim fixed TV mount,SANUS,BLL2-B1,Black or concealed unless specified,1,mount,89.99,89.99,89.99,89.99,observed,materials,True,False,https://www.bestbuy.com/product/sanus-elite-super-slim-fixed-position-tv-wall-mount-for-most-tvs-32-80-up-to-150lbs-easy-cable-access-lateral-shift-black/J33JYH6VKV,2026-09-28,Listed with location-dependent pickup/shipping,Planning allowance: 1 mount; confirm field takeoff.,Displayed unit price; tax/freight extra.,"Installer verifies 300 × 300 VESA, connector clearance, backing and fastener lengths."
SYS-019,TV-01,SANUS supplied TV screws/spacers,SANUS,,Black or concealed unless specified,1,included set,0,0.0,0,0,included,materials,False,False,index.html#install/TV-01,2026-09-28,Cost carried in named scope,Planning allowance: 1 included set; confirm field takeoff.,"Independent planning estimate, not a supplier quote. Linked source identifies the product/system or scope.","Supplied mount hardware included in mount price; special wall hardware reserve below, verified backing in GTR-01."
SYS-020,TV-01,TV substrate fasteners and spacer contingency,TV,,Black or concealed unless specified,1,kit,25,25.0,18.75,37.5,budget-estimate,materials,True,False,https://www.sanus.com/en_US/products/tv-mounts/bll2/,2026-09-28,Supplier confirmation required,Budget only; exact diameter/embedment/material is a released installer detail.,"Independent planning estimate, not a supplier quote. Linked source identifies the product/system or scope.","Confirm field conditions, final quantity and trade approval before ordering."
SYS-021,TV-01,Arlington recessed TV power/data box,Arlington,TVBU505,Black or concealed unless specified,1,box kit,55,55.0,41.25,82.5,budget-estimate,materials,True,False,https://www.aifittings.com/catalog/home-theater-audio-video/,2026-09-28,Supplier confirmation required,One listed power/data interface; electrician specifies receptacle and fit behind 0.67-in mount.,"Independent planning estimate, not a supplier quote. Linked source identifies the product/system or scope.","Confirm field conditions, final quantity and trade approval before ordering."
SYS-022,TV-01,"Monoprice CL2 48Gbps HDMI cable, 15 ft",Monoprice,47880,Black or concealed unless specified,1,cable,29.99,29.99,29.99,29.99,observed,materials,True,False,https://www.monoprice.com/product?p_id=47880,2026-09-28,Listed online; checkout stock not confirmed,"One TV HDMI route; field length, in-wall rating, bend radius and service loop must work.",Displayed unit price; tax/freight extra.,"Confirm field conditions, final quantity and trade approval before ordering."
SYS-023,TV-01,"TV physical mounting, aim and removal check",TV,,Black or concealed unless specified,2,hours,50,100.0,40,85,budget-estimate,labor,True,False,index.html#install/TV-01,2026-09-28,Supplier confirmation required,AV installer only; new outlet wiring and blocking are separately priced.,"Independent planning estimate, not a supplier quote. Linked source identifies the product/system or scope.","Confirm field conditions, final quantity and trade approval before ordering."
SYS-024,GTR-01,TV/instrument structural plywood blocking,TV/instrument,,Black or concealed unless specified,1,4 × 8-ft sheets,85,85.0,63.75,127.5,budget-estimate,materials,True,False,https://www.homedepot.com/b/Lumber-Composites-Plywood-Sheathing-Plywood/N-5yc1vZc7pw,2026-09-28,Supplier confirmation required,One 4×8 structural plywood sheet for exposed targeted blocking. Reuse verified existing support; release exact attachment before finish closure.,"Independent planning estimate, not a supplier quote. Linked source identifies the product/system or scope.","Confirm field conditions, final quantity and trade approval before ordering."
SYS-025,GTR-01,"String Swing hardwood Guitar Keeper, black walnut",String,CC01K,Black or concealed unless specified,6,hangers,18.99,113.94,18.99,18.99,observed,materials,True,False,https://www.stringswing.com/guitar-hanger-hardwood-wall-mount-for-acoustic-and-electric-guitars/,2026-09-28,Direct product listing; chosen species/quantity stock at checkout,Six owned instruments receive six hangers. Four future positions remain empty and unpurchased; final M-13 layout controls.,Displayed price for specified variant; tax and delivery reserved separately.,"Confirm field conditions, final quantity and trade approval before ordering."
SYS-026,GTR-01,Backing and hanger structural screw allowance,Backing,,Black or concealed unless specified,1,scheduled set,35,35.0,28.0,47.25,budget-estimate,materials,True,False,https://www.strongtie.com/strongdrive_exteriorwoodscrews/strong-drive-sdws-framing-screw/p/strong-drive-sdws-framing-screw,2026-09-28,Supplier confirmation required,Budget allocation for new approved substrate fasteners; exact schedule after opening wall.,"Independent planning estimate, not a supplier quote. Linked source identifies the product/system or scope.","Confirm field conditions, final quantity and trade approval before ordering."
SYS-027,GTR-01,Black penetration trim and finish collars,Black,,Black or concealed unless specified,6,positions,2,12.0,1.6,2.7,budget-estimate,materials,True,False,index.html#install/GTR-01,2026-09-28,Supplier confirmation required,Ten finish interfaces at fabric/slat penetrations.,"Independent planning estimate, not a supplier quote. Linked source identifies the product/system or scope.","Confirm field conditions, final quantity and trade approval before ordering."
SYS-028,GTR-01,"Blocking, template transfer and hanger installation","Blocking,",,Black or concealed unless specified,4,hours,60,240.0,50,85,budget-estimate,labor,True,False,index.html#install/GTR-01,2026-09-28,Supplier confirmation required,Four paid carpentry hours for accessible targeted blocking and ten hanger locations. Widespread wall rebuilding is not assumed.,"Independent planning estimate, not a supplier quote. Linked source identifies the product/system or scope.","Confirm field conditions, final quantity and trade approval before ordering."
FUR-063,GTR-02,Owned Fender Stratocaster,Fender,GTR04,retained,1,instrument,0,0.0,0,0,retained,materials,True,False,evidence/gear-inventory.csv,2026-09-28,Recorded in project inventory; recheck current presence and condition.,One Fender Stratocaster documented in stock.,"$0 acquisition cost based on the sanitized project inventory; exact model identity, current presence and condition remain physically unverified.",Inspect instrument and display support before wall placement.
FUR-064,GTR-02,Four unassigned display positions left empty,No purchase,positions 7-10,empty,4,position,0,0.0,0,0,included,materials,True,False,evidence/gear-inventory.csv,2026-09-28,Available as empty display positions.,Four positions beyond the six documented owned instruments remain unassigned.,"$0; explicit no-purchase scope decision based on six instruments in the sanitized project inventory, not an assumption that four more instruments exist.",NO NEW INSTRUMENTS. Fill only from subsequently verified owned/loaned inventory with Greg approval.
FUR-065,GTR-02,Owned bass instruments,Existing inventory,BASS01-BASS05,retained,5,instrument,0,0.0,0,0,retained,materials,True,False,evidence/gear-inventory.csv,2026-09-28,Recorded in project inventory; recheck current presence and condition.,"Five basses documented in stock: Breedlove acoustic, Fender Jaguar, Fender Jazz, Ibanez and upright.","$0 acquisition cost based on the sanitized project inventory; exact model identities, current presence and conditions remain physically unverified.",Choose four wall positions only after body/headstock/removal-arc fit; protect the upright separately.
FUR-066,GTR-02,Retained floor stands and protected storage for six instruments,Existing inventory,existing stands/storage to survey,retained,6,position,0,0.0,0,0,retained,materials,True,False,evidence/gear-inventory.csv,2026-09-28,Partial inventory proof; physical stand/case audit required.,Inventory notes floor stands for guitar/basses; exact case count is not established.,$0 acquisition cost only for physically verified retained stands/storage; the sanitized project inventory does not prove six protective cases or six usable supports.,Do not claim six protective cases exist. Keep any instrument off-wall unless its verified stand/case/storage protects it.
SYS-029,LGT-01,"Diode BLAZE 100 2700K 24V, 16.4-ft reel",Diode,DI-24V-BLBSC1-27-016,Black or concealed unless specified,5,reels,67.2,336.0,67.2,67.2,observed,materials,True,False,https://www.platt.com/p/2183792/diode-led/16-led-tape-light-24v-27k/848333020797/diodi24vblbsc12701,2026-09-28,PLATT listed company-wide inventory; local delivery unconfirmed,Cove five reels = 82 ft gross for 71.76 ft net; shelf/bar one reel = 16.4 ft gross for 12 ft net. Separate ceiling-inset two-reel order is excluded. Cut at 3.93-in marks; ≤55 ft per feed.,Displayed unit price; tax/freight extra.,"Confirm field conditions, final quantity and trade approval before ordering."
SYS-030,LGT-01,"Armacost black surface channel + diffuser, five 39-in pieces",Armacost,960056N,Black or concealed unless specified,5,five-piece packs,34.99,174.95,34.99,34.99,observed,materials,True,False,https://www.armacostlighting.com/products/led-channel-strip-light-diffuser?variant=61773142360434,2026-09-28,Supplier states normally ships 1–3 business days,"Each pack contains five 39-in channels, lens, clips and caps. Cove 81.25 ft gross; ceiling inset 48.75 ft gross. BAR-03/04 separately carry shelf/bar channels; LGT-04 does not duplicate them.",Displayed unit price; tax/freight extra.,"Confirm actual strip width, interior channel clearance, glare and dot visibility with a sample before purchasing the full lot."
SYS-031,LGT-01,Armacost black surface-channel spare accessory pack,Armacost,960005,Black or concealed unless specified,1,accessory packs,9.99,9.99,9.99,9.99,observed,materials,True,False,https://www.armacostlighting.com/products/accessory-led-channel-diffuser?variant=40917265514532,2026-09-28,Supplier confirmation required,Two spare packs for cut lengths; deduct if bundle-supplied accessories cover all cuts.,"Independent planning estimate, not a supplier quote. Linked source identifies the product/system or scope.","Confirm field conditions, final quantity and trade approval before ordering."
SYS-032,LGT-01,Diode approved feed leads and strip connectors,Diode,,Black or concealed unless specified,4,feed sets,10,40.0,8,15,budget-estimate,materials,True,False,https://www.diodeled.com/clicktight-pro.html,2026-09-28,Supplier confirmation required,Budget for terminated feed leads/connectors; lengths and connector choice follow voltage-drop/access schedule.,"Independent planning estimate, not a supplier quote. Linked source identifies the product/system or scope.","Confirm field conditions, final quantity and trade approval before ordering."
SYS-033,LGT-01,24V driver supply counted in LGT-07,24V,,Black or concealed unless specified,1,included set,0,0.0,0,0,included,materials,False,False,index.html#install/LGT-01,2026-09-28,Cost carried in named scope,Planning allowance: 1 included set; confirm field takeoff.,"Independent planning estimate, not a supplier quote. Linked source identifies the product/system or scope.",Driver count and price appear once in LGT-07; do not add duplicate driver purchases from this kit.
SYS-044,LGT-02,American Lighting Minuet side-bend 2700K neon for five curved arch heads,American,MIN4X6-27K-16,Black or concealed unless specified,1,reels,203.04,203.04,203.04,203.04,observed,materials,True,False,https://www.prolighting.com/brands/american-lighting/minuet-cut-anywhere-flexible-led-neon/minuet-cut-anywhere-flexible-led-neon-side-bend/minuet-cut-anywhere-flexible-led-neon-min4x6-27k-16.html,2026-09-28,In stock at manufacturer; normally ships 3–5 business days,One 16.4-ft reel for five approximate 12-in-radius semicircles: 5 × 3.142 ft = 15.71 ft net. Measured cuts and terminal seals must fit the remaining 0.69 ft; supplier verifies yield before order.,Displayed price for specified variant; tax and delivery reserved separately.,Separate terminated runs for both LED types. Sample at 2700K to match brightness/diffusion; this budget does not approve a visibly mismatched halo. No Minuet run exceeds 16.4 ft.
SYS-045,LGT-02,"American Lighting Minuet 4×6 mounting channel, 1 m",American,MIN4X6-CHAN,Black or concealed unless specified,0,1-m channels,5.62,0.0,5.62,5.62,observed,materials,False,True,https://www.prolighting.com/brands/american-lighting/minuet-cut-anywhere-flexible-led-neon/minuet-cut-anywhere-flexible-led-neon-side-bend/minuet-cut-anywhere-flexible-led-neon-min4x6-27k-16.html,2026-09-28,Accessory listed with Minuet,No straight Minuet legs in capped package; curved heads use approved clip detail. Kept only as an alternative.,Displayed price for specified variant; tax and delivery reserved separately.,"Confirm field conditions, final quantity and trade approval before ordering."
SYS-046,LGT-02,Minuet curved-head support clips and approved adhesive/seals,Minuet,,Black or concealed unless specified,1,five-arch set,65,65.0,50,100,budget-estimate,materials,True,False,https://americanlighting.com/minuet4x6,2026-09-28,Supplier confirmation required,"Budget allowance for curved supports, termination seal and additional end caps; supplier must approve exact system.","Independent planning estimate, not a supplier quote. Linked source identifies the product/system or scope.","Confirm field conditions, final quantity and trade approval before ordering."
SYS-047,LGT-02,Minuet factory/supplier terminated power feeds,Minuet,,Black or concealed unless specified,5,feed sets,15,75.0,12,25,budget-estimate,materials,True,False,https://americanlighting.com/minuet4x6,2026-09-28,Supplier confirmation required,Five independent curved heads; supplier termination and seal specification required.,"Independent planning estimate, not a supplier quote. Linked source identifies the product/system or scope.","Confirm field conditions, final quantity and trade approval before ordering."
SYS-048,LGT-02,Matched Minuet drivers counted in LGT-07,Matched,,Black or concealed unless specified,1,included set,0,0.0,0,0,included,materials,False,False,index.html#install/LGT-02,2026-09-28,Cost carried in named scope,Planning allowance: 1 included set; confirm field takeoff.,"Independent planning estimate, not a supplier quote. Linked source identifies the product/system or scope.",24V constant-voltage driver/controller sample acceptance required for Minuet and BLAZE; five head runs plus straight-leg runs terminate separately.
SYS-091,LGT-02,"Diode BLAZE 100 2700K, straight arch legs",Diode,DI-24V-BLBSC1-27-016,Black or concealed unless specified,3,16.4-ft reels,67.2,201.6,67.2,67.2,observed,materials,True,False,https://www.platt.com/p/2183792/diode-led/16-led-tape-light-24v-27k/848333020797/diodi24vblbsc12701,2026-09-28,Supplier confirmation required,"Five 24 × 65-in stock mirrors: ten straight legs of approximately 53 in, 44.17 ft net. Three 16.4-ft reels = 49.2 ft gross. Allow cut-mark rounding; measure one frame first. Bottom edges are not lit.",Displayed price for specified variant; tax and delivery reserved separately.,"BLAZE leg and Minuet head brightness must match at the sample. If it fails, reprice uniform Minuet before ordering; do not install an uneven halo."
SYS-092,LGT-02,Armacost black channel pack for straight arch legs,Armacost,960056N,Black or concealed unless specified,3,five-piece packs,34.99,104.97,34.99,34.99,observed,materials,True,False,https://www.armacostlighting.com/products/led-channel-strip-light-diffuser?variant=61773142360434,2026-09-28,Supplier confirmation required,Fifteen 39-in channels = 48.75 ft gross. Ten legs: ten 39-in pieces plus ten 14-in pieces cut two per each of five remaining channels. Confirm actual curvature first.,Displayed price for specified variant; tax and delivery reserved separately.,"Confirm field conditions, final quantity and trade approval before ordering."
SYS-093,LGT-02,BLAZE arch-leg feeds and transition consumables,BLAZE,,Black or concealed unless specified,1,ten-leg set,75,75.0,56.25,112.5,budget-estimate,materials,True,False,https://www.diodeled.com/clicktight-pro.html,2026-09-28,Supplier confirmation required,"Ten terminated legs; budget allowance for connectors, seals and transition finishing, no unsupported strip splice.","Independent planning estimate, not a supplier quote. Linked source identifies the product/system or scope.","Confirm field conditions, final quantity and trade approval before ordering."
SYS-098,LGT-02,Optional Minuet spare reel for measured arch variance,Optional,MIN4X6-27K-16,Black or concealed unless specified,1,16.4-ft reel,203.04,203.04,203.04,203.04,observed,materials,False,True,https://www.prolighting.com/brands/american-lighting/minuet-cut-anywhere-flexible-led-neon/minuet-cut-anywhere-flexible-led-neon-side-bend/minuet-cut-anywhere-flexible-led-neon-min4x6-27k-16.html,2026-09-28,Supplier confirmation required,Fallback if sample/end-termination yield cannot fit five heads in one reel. Buy only if required and covered by remaining cap.,Displayed unit price; tax/freight extra.,"Confirm field conditions, final quantity and trade approval before ordering."
SYS-034,LGT-03,"Diode BLAZE 100 2700K 24V, 16.4-ft reel",Diode,DI-24V-BLBSC1-27-016,Black or concealed unless specified,2,reels,67.2,134.4,67.2,67.2,observed,materials,False,True,https://www.platt.com/p/2183792/diode-led/16-led-tape-light-24v-27k/848333020797/diodi24vblbsc12701,2026-09-28,PLATT listed company-wide inventory; local delivery unconfirmed,Cove five reels = 82 ft gross for 71.76 ft net; shelf/bar one reel = 16.4 ft gross for 12 ft net. Separate ceiling-inset two-reel order is excluded. Cut at 3.93-in marks; ≤55 ft per feed.,Displayed unit price; tax/freight extra.,"Ceiling feature and its separate halo are deferred in the $25,000 package. Existing ceiling and skylights remain accessible."
SYS-035,LGT-03,"Armacost black surface channel + diffuser, five 39-in pieces",Armacost,960056N,Black or concealed unless specified,3,five-piece packs,34.99,104.97,34.99,34.99,observed,materials,False,True,https://www.armacostlighting.com/products/led-channel-strip-light-diffuser?variant=61773142360434,2026-09-28,Supplier states normally ships 1–3 business days,"Each pack contains five 39-in channels, lens, clips and caps. Cove 81.25 ft gross; ceiling inset 48.75 ft gross. BAR-03/04 separately carry shelf/bar channels; LGT-04 does not duplicate them.",Displayed unit price; tax/freight extra.,"Ceiling feature and its separate halo are deferred in the $25,000 package. Existing ceiling and skylights remain accessible."
SYS-036,LGT-03,Armacost black surface-channel spare accessory pack,Armacost,960005,Black or concealed unless specified,1,accessory packs,9.99,9.99,9.99,9.99,observed,materials,False,True,https://www.armacostlighting.com/products/accessory-led-channel-diffuser?variant=40917265514532,2026-09-28,Supplier confirmation required,Two spare packs for cut lengths; deduct if bundle-supplied accessories cover all cuts.,"Independent planning estimate, not a supplier quote. Linked source identifies the product/system or scope.","Ceiling feature and its separate halo are deferred in the $25,000 package. Existing ceiling and skylights remain accessible."
SYS-037,LGT-03,Diode approved feed leads and strip connectors,Diode,,Black or concealed unless specified,4,feed sets,10,40.0,8,15,budget-estimate,materials,False,True,https://www.diodeled.com/clicktight-pro.html,2026-09-28,Supplier confirmation required,Budget for terminated feed leads/connectors; lengths and connector choice follow voltage-drop/access schedule.,"Independent planning estimate, not a supplier quote. Linked source identifies the product/system or scope.","Ceiling feature and its separate halo are deferred in the $25,000 package. Existing ceiling and skylights remain accessible."
SYS-038,LGT-03,24V driver supply counted in LGT-07,24V,,Black or concealed unless specified,1,included set,0,0.0,0,0,included,materials,False,True,index.html#install/LGT-03,2026-09-28,Cost carried in named scope,Planning allowance: 1 included set; confirm field takeoff.,"Independent planning estimate, not a supplier quote. Linked source identifies the product/system or scope.","Ceiling feature and its separate halo are deferred in the $25,000 package. Existing ceiling and skylights remain accessible."
SYS-039,LGT-04,"Diode BLAZE 100 2700K 24V, 16.4-ft reel",Diode,DI-24V-BLBSC1-27-016,Black or concealed unless specified,1,reels,67.2,67.2,67.2,67.2,observed,materials,True,False,https://www.platt.com/p/2183792/diode-led/16-led-tape-light-24v-27k/848333020797/diodi24vblbsc12701,2026-09-28,PLATT listed company-wide inventory; local delivery unconfirmed,Cove five reels = 82 ft gross for 71.76 ft net; shelf/bar one reel = 16.4 ft gross for 12 ft net. Separate ceiling-inset two-reel order is excluded. Cut at 3.93-in marks; ≤55 ft per feed.,Displayed unit price; tax/freight extra.,"Confirm field conditions, final quantity and trade approval before ordering."
SYS-040,LGT-04,"Armacost black surface channel + diffuser, five 39-in pieces",Armacost,960056N,Black or concealed unless specified,0,five-piece packs,0,0.0,0,0,included,materials,False,False,https://www.armacostlighting.com/products/led-channel-strip-light-diffuser?variant=61773142360434,2026-09-28,Supplier states normally ships 1–3 business days,"Each pack contains five 39-in channels, lens, clips and caps. Cove 81.25 ft gross; ceiling inset 48.75 ft gross. BAR-03/04 separately carry shelf/bar channels; LGT-04 does not duplicate them.",Displayed unit price; tax/freight extra.,"Confirm actual strip width, interior channel clearance, glare and dot visibility with a sample before purchasing the full lot."
SYS-041,LGT-04,Armacost black surface-channel spare accessory pack,Armacost,960005,Black or concealed unless specified,1,accessory packs,9.99,9.99,9.99,9.99,observed,materials,False,True,https://www.armacostlighting.com/products/accessory-led-channel-diffuser?variant=40917265514532,2026-09-28,Supplier confirmation required,Two spare packs for cut lengths; deduct if bundle-supplied accessories cover all cuts.,"Independent planning estimate, not a supplier quote. Linked source identifies the product/system or scope.",BAR-03/04 channel package already supplies caps and clips; extra only if its cut plan needs them.
SYS-042,LGT-04,Diode approved feed leads and strip connectors,Diode,,Black or concealed unless specified,3,feed sets,10,30.0,8,15,budget-estimate,materials,True,False,https://www.diodeled.com/clicktight-pro.html,2026-09-28,Supplier confirmation required,Budget for terminated feed leads/connectors; lengths and connector choice follow voltage-drop/access schedule.,"Independent planning estimate, not a supplier quote. Linked source identifies the product/system or scope.","Confirm field conditions, final quantity and trade approval before ordering."
SYS-043,LGT-04,24V driver supply counted in LGT-07,24V,,Black or concealed unless specified,1,included set,0,0.0,0,0,included,materials,False,False,index.html#install/LGT-04,2026-09-28,Cost carried in named scope,Planning allowance: 1 included set; confirm field takeoff.,"Independent planning estimate, not a supplier quote. Linked source identifies the product/system or scope.",Driver count and price appear once in LGT-07; do not add duplicate driver purchases from this kit.
SYS-049,LGT-05,Nora M4 4-in 2700K matte-black downlight + listed driver,Nora,NM4-RDC27BB,Black or concealed unless specified,6,fixtures,71.1,426.6,71.1,71.1,observed,materials,False,True,https://www.prolighting.com/nm4-rdc27bb.html,2026-09-28,Supplier states normally ships 3–5 business days,Six main-room positions; exact supplied driver/junction contents verified before order.,Displayed price for specified variant; tax and delivery reserved separately.,"Existing main-room recessed downlights are visible in the current-room photo. Retain if serviceable; this six-fixture replacement is priced as a fallback, pending actual housing/driver survey."
SYS-050,LGT-05,Downlight dimmer counted in LGT-07,Downlight,,Black or concealed unless specified,1,included set,0,0.0,0,0,included,materials,False,False,index.html#install/LGT-05,2026-09-28,Cost carried in named scope,Planning allowance: 1 included set; confirm field takeoff.,"Independent planning estimate, not a supplier quote. Linked source identifies the product/system or scope.",One main-room zone in the seven-zone control allowance.
SYS-051,LGT-05,Nora listed driver extension/access allowance,Nora,,Black or concealed unless specified,1,set,30,30.0,0,90,budget-estimate,materials,False,True,https://noralighting.com/product/nm4-rdc/,2026-09-28,Supplier confirmation required,Extensions only if field plenum/access requires them; exact Nora SKU after survey.,"Independent planning estimate, not a supplier quote. Linked source identifies the product/system or scope.",Only needed if new Nora fixtures replace retained main-room lighting.
SYS-097,LGT-05,Existing main downlight lamp/trim refresh allowance,Existing,,Black or concealed unless specified,6,positions,20,120.0,15.0,30.0,budget-estimate,materials,True,False,index.html#install/LGT-05,2026-09-28,Supplier confirmation required,Current-room photo shows recessed fixtures. Allow $20 per position for verified compatible warm lamp/trim service; do not assume a specific unrecorded fixture type.,"Independent planning estimate, not a supplier quote. Linked source identifies the product/system or scope.","Installer records each existing model and condition, confirms dimmability/color and stops for a new priced fixture schedule if service is insufficient. No paint on electrical or optical components."
SYS-052,LGT-06,"WAC black H-track rail, 4 ft with two end caps",WAC,HT4-BK,Black or concealed unless specified,1,track,36.95,36.95,36.95,36.95,observed,materials,True,False,https://www.homedepot.com/p/313498519,2026-09-28,Listed online; local delivery unconfirmed,Planning allowance: 1 track; confirm field takeoff.,Displayed unit price; tax/freight extra.,"Confirm field conditions, final quantity and trade approval before ordering."
SYS-053,LGT-06,"WAC 703 black H-track head, PAR30 / BR30 lamp ordered separately",WAC,HTK-703-BK,Black or concealed unless specified,4,heads,32.95,131.8,32.95,32.95,observed,materials,True,False,https://www.prolighting.com/wac-lighting-tk-703-line-voltage-h-track-head-htk-703-bk.html,2026-09-28,Listed online; check exact 2700K H-type variant,Four black H-family medium-base PAR30/BR30 heads. Budget replaces integrated Silo X20; beam and lamp projection differ.,Displayed price for specified variant; tax and delivery reserved separately.,"Confirm field conditions, final quantity and trade approval before ordering."
SYS-054,LGT-06,WAC H-family black live-end feed,WAC,,Black or concealed unless specified,1,feed set,30,30.0,22.5,45.0,budget-estimate,materials,True,False,https://waclighting.com/product/h-track/,2026-09-28,Supplier confirmation required,Single feed; electrician selects junction/feed orientation before exact SKU release. Rail end caps included above.,"Independent planning estimate, not a supplier quote. Linked source identifies the product/system or scope.","Confirm field conditions, final quantity and trade approval before ordering."
SYS-055,LGT-06,Track ceiling backing/fasteners,Track,,Black or concealed unless specified,1,set,30,30.0,22.5,45.0,budget-estimate,materials,True,False,https://waclighting.com/product/h-track/,2026-09-28,Supplier confirmation required,"Attachment hardware allowance, not a released ceiling fastening design.","Independent planning estimate, not a supplier quote. Linked source identifies the product/system or scope.","Confirm field conditions, final quantity and trade approval before ordering."
SYS-056,LGT-06,Track dimmer counted in LGT-07,Track,,Black or concealed unless specified,1,included set,0,0.0,0,0,included,materials,False,False,index.html#install/LGT-06,2026-09-28,Cost carried in named scope,Planning allowance: 1 included set; confirm field takeoff.,"Independent planning estimate, not a supplier quote. Linked source identifies the product/system or scope.",One ELV zone; beam/glare and low-end camera test before release.
SYS-094,LGT-06,GE 2700K 90-CRI dimmable PAR30 E26 lamps,GE,93311923,Black or concealed unless specified,4,lamps,20,80.0,15.0,30.0,budget-estimate,materials,True,False,https://lightingsupply.com/products/ge-93311923,2026-09-28,Supplier confirmation required,"One medium-base lamp for each WAC 703 head; unit allowance, not a checked seller price.","Independent planning estimate, not a supplier quote. Linked source identifies the product/system or scope.","Confirm exact E26 PAR30 fit, California availability, color, dimmer compatibility and camera flicker; GU10 lamps do not fit these heads."
SYS-057,LGT-07,Lutron Caséta Smart Hub,Lutron,L-BDG2-WH,Black or concealed unless specified,1,hub,80,80.0,60.0,120.0,budget-estimate,materials,False,True,https://www.homedepot.com/p/Lutron-Caseta-Smart-Hub-L-BDG2-WH-L-BDG2-WH/206148281,2026-09-28,Supplier confirmation required,Proposed priced baseline: Caséta phase/ELV controls. DMX alternative excluded; compatibility testing still required.,"Independent planning estimate, not a supplier quote. Linked source identifies the product/system or scope.",Unified app/scene automation is a deferred upgrade. Baseline uses labeled RF accent controls plus manual task-light dimmers.
SYS-058,LGT-07,"Black LED wall dimmer allowance for main, track and booth",Lutron,Exact fixture-compatible SKU pending sample,Black or concealed unless specified,3,dimmers,60,180.0,45,100,budget-estimate,materials,True,False,https://www.lutron.com/us/en/lighting-controls,2026-09-28,Listed quick ship; confirm seven black units,Three task-light zones. Exact leading/trailing-edge dimmer is released after the Nora/GE lamp test; no Caséta hub or scenes included.,Displayed unit price; tax/freight extra.,"Electrician confirms neutral, phase, ganging/derating and exact fixture/driver compatibility. Budget selection is not electrical release."
SYS-059,LGT-07,Armacost 24V 60W UL Class 2 hardwire driver,Armacost,850601,Black or concealed unless specified,7,drivers,54.99,384.93,54.99,54.99,observed,materials,True,False,https://www.armacostlighting.com/products/standard-outdoor-led-24v?variant=40592152363044,2026-09-28,Listed in stock,"Seven outputs: three cove branches ~34.9W each, two BLAZE arch-leg groups ~32.24W each, one Minuet head group ~38.17W, one shelf/bar ~17.52W. Control straight and curved halo brightness separately for sample matching.",Displayed price for specified variant; tax and delivery reserved separately.,"850601 is Class 2 per manufacturer datasheet. Standard driver uses downstream PWM control, never a line-voltage dimmer. Verify final load, temperature derating and voltage drop."
SYS-060,LGT-07,American Lighting ADPT 24V 96W dimmable driver,American,ADPT-DRJ-96-24,Black or concealed unless specified,3,drivers,172.52,517.56,172.52,172.52,observed,materials,False,True,https://www.prolighting.com/indoor-lighting/led-tape-light/power-supplies3/drivers5/american.html,2026-09-28,Listed online; delivery confirmation required,Arch groups budgeted ~72.8W / 72.8W / 40.0W; each branch stays ≤16.4 ft. Final manufacturer dimming approval required.,Displayed price for specified variant; tax and delivery reserved separately.,Alternative if the Class 2/PWM sample fails; not an extra driver order. Reprice before procurement.
SYS-061,LGT-07,Three black wall plates and plain-language zone labels,Lutron,,Black or concealed unless specified,1,set,35,35.0,28.0,47.25,budget-estimate,materials,True,False,https://www.casetawireless.com/us/en/products/pico-remotes,2026-09-28,Supplier confirmation required,Three task-light plate positions plus labeled RF remote dock. Gang sizes confirmed by electrician.,"Independent planning estimate, not a supplier quote. Linked source identifies the product/system or scope.","Confirm field conditions, final quantity and trade approval before ordering."
SYS-062,LGT-07,"Driver mounting backboard, ventilated access and enclosures",Driver,,Black or concealed unless specified,1,set,100,100.0,80,200,budget-estimate,materials,True,False,index.html#install/LGT-07,2026-09-28,Supplier confirmation required,Accessible driver/controller service board and covered mains junctions; reuse existing accessible service area if approved.,"Independent planning estimate, not a supplier quote. Linked source identifies the product/system or scope.","Confirm field conditions, final quantity and trade approval before ordering."
SYS-063,LGT-07,"Lighting sample, labels and commissioning",Lighting,,Black or concealed unless specified,4,hours,60,240.0,50,85,budget-estimate,labor,True,False,index.html#install/LGT-07,2026-09-28,Supplier confirmation required,"Four paid hours for mixed-halo sample, RF pairing, dimming, camera flicker, glare and power-recovery test. No programmed scenes.","Independent planning estimate, not a supplier quote. Linked source identifies the product/system or scope.","Confirm field conditions, final quantity and trade approval before ordering."
SYS-095,LGT-07,Armacost ProLine single-color RF controller / remote,Armacost,513115N,Black or concealed unless specified,7,controller sets,34.99,244.93,34.99,34.99,observed,materials,True,False,https://www.armacostlighting.com/products/proline-white-led-light-control?variant=61795773284722,2026-09-28,Supplier confirmation required,One PWM controller per independent 24V driver; permitted receiver groups may share labeled remotes after manufacturer pairing test. No app or scene automation.,Displayed price for specified variant; tax and delivery reserved separately.,"Verify current rating and Minuet/BLAZE compatibility, audible noise and camera flicker at the mockup. Physical mains isolation remains accessible."
SYS-096,LGT-07,"Assistant: cut, mount and label accessible LED channels",Assistant:,,Black or concealed unless specified,8,hours,35,280.0,25,50,budget-estimate,labor,True,False,index.html#install/LGT-07,2026-09-28,Supplier confirmation required,Eight paid person-hours for non-electrical channel preparation; mirror/ceiling installers provide the support surfaces. All mains work remains with electrician.,"Independent planning estimate, not a supplier quote. Linked source identifies the product/system or scope.","Confirm field conditions, final quantity and trade approval before ordering."
SYS-064,PWR-01,Listed branch-circuit copper wire/raceway takeoff allowance,Listed,,Black or concealed unless specified,1,250-ft equivalent set,120,120.0,90,250,budget-estimate,materials,True,False,https://www.southwire.com/wire-cable/building-wire,2026-09-28,Supplier confirmation required,Existing circuits and routes retained; localized extensions for fixtures/TV only. Electrician confirms actual listed wiring method and measured lengths.,"Independent planning estimate, not a supplier quote. Linked source identifies the product/system or scope.","Confirm field conditions, final quantity and trade approval before ordering."
SYS-065,PWR-01,Panel-compatible breakers and protection allowance,Panel-compatible,,Black or concealed unless specified,3,circuits,80,240.0,60.0,120.0,budget-estimate,materials,False,True,https://www.eaton.com/us/en-us/catalog/electrical-circuit-protection.html,2026-09-28,Supplier confirmation required,"Three provisional affected/new circuits; exact panel type, load, protection and capacity surveyed. No new service/panel included.","Independent planning estimate, not a supplier quote. Linked source identifies the product/system or scope.",No new circuit/panel assumed. Survey must show capacity and protection; mandatory electrical correction is repriced within the hard cap before any cosmetic order.
SYS-066,PWR-01,Black commercial receptacles and device boxes,Black,,Black or concealed unless specified,4,positions,25,100.0,18.75,37.5,budget-estimate,materials,True,False,https://leviton.com/products/residential/receptacles,2026-09-28,Supplier confirmation required,Four device refresh/extension positions; retain other serviceable outlets. Exact count/type after load and site check.,"Independent planning estimate, not a supplier quote. Linked source identifies the product/system or scope.","Confirm field conditions, final quantity and trade approval before ordering."
SYS-067,PWR-01,Black GFCI receptacles where required,Black,,Black or concealed unless specified,1,devices,35,35.0,26.25,52.5,budget-estimate,materials,True,False,https://leviton.com/products/residential/gfci,2026-09-28,Supplier confirmation required,One provisional protection upgrade within four affected device positions; electrician determines actual required protection and count.,"Independent planning estimate, not a supplier quote. Linked source identifies the product/system or scope.","Confirm field conditions, final quantity and trade approval before ordering."
SYS-068,PWR-01,"Junction boxes, covers, connectors and grounding hardware",Junction,,Black or concealed unless specified,1,20-box allowance,100,100.0,75,180,budget-estimate,materials,True,False,https://www.hubbell.com/raco/en,2026-09-28,Supplier confirmation required,Localized retrofit plus accessible driver junctions; actual listed box/fitting schedule by electrician.,"Independent planning estimate, not a supplier quote. Linked source identifies the product/system or scope.","Confirm field conditions, final quantity and trade approval before ordering."
SYS-069,PWR-01,Separate low-voltage raceways/conduit and pull string,Separate,,Black or concealed unless specified,40,route feet,2.5,100.0,1.88,3.75,budget-estimate,materials,True,False,https://www.legrand.us/wire-and-cable-management/raceway-and-cord-covers/c/lgnd091000,2026-09-28,Supplier confirmation required,40 route feet of new low-voltage raceway allowance; retain proven existing routes and keep power separate.,"Independent planning estimate, not a supplier quote. Linked source identifies the product/system or scope.","Confirm field conditions, final quantity and trade approval before ordering."
SYS-070,PWR-01,"Class 2 LED feed wire, listed 16/2 or field-sized",Class,,Black or concealed unless specified,150,feet,0.55,82.5,0.41,0.83,budget-estimate,materials,True,False,https://www.diodeled.com/accessories/installation-accessories.html,2026-09-28,Supplier confirmation required,"150 ft new low-voltage feed allowance; measured branches, approved wire type and voltage-drop sizing required.","Independent planning estimate, not a supplier quote. Linked source identifies the product/system or scope.","Confirm field conditions, final quantity and trade approval before ordering."
SYS-071,PWR-01,"Cable clamps, supports, pass-through bushings and firestop",Cable,,Black or concealed unless specified,1,set,60,60.0,48.0,81.0,budget-estimate,materials,True,False,https://www.legrand.us/wire-and-cable-management/c/lgnd09,2026-09-28,Supplier confirmation required,Pathway support/penetration allowance; desk trays/grommets are separately in DESK-01.,"Independent planning estimate, not a supplier quote. Linked source identifies the product/system or scope.","Confirm field conditions, final quantity and trade approval before ordering."
SYS-072,PWR-01,Brady permanent circuit/cable labeling tape,Brady,,Black or concealed unless specified,1,cartridges,35,35.0,26.25,52.5,budget-estimate,materials,True,False,https://www.bradyid.com/labels/electrical,2026-09-28,Supplier confirmation required,Mains circuit directory and labels. AV label set is separate below.,"Independent planning estimate, not a supplier quote. Linked source identifies the product/system or scope.","Confirm field conditions, final quantity and trade approval before ordering."
SYS-073,PWR-01,"Licensed electrician: survey, isolation, rough-in, lighting, devices and test",Licensed,,Black or concealed unless specified,16,hours,110,1760.0,95,150,budget-estimate,labor,True,False,index.html#install/PWR-01,2026-09-28,Supplier confirmation required,"Two eight-hour electrician person-days for existing circuits, serviceable main downlights, seven accessible LED drivers, TV outlet and localized device work. Eight separate paid assistant hours prepare LED channels. A fixed bid must confirm this restricted scope before release.","Independent planning estimate, not a supplier quote. Linked source identifies the product/system or scope.","This is a proposed paid-hour allocation, not a contractor promise. If required electrical work costs more, defer discretionary finishes before orders; retain the $25,000 cap and complete required electrical work."
SYS-074,AV-01,"Existing room electronics, monitors, PA, keyboard and drum setup",Existing,,Black or concealed unless specified,1,retained inventory,0,0.0,0,0,retained,materials,False,False,evidence/gear-inventory.csv,2026-09-28,Recorded inventory; condition/model reconciliation pending,Planning allowance: 1 retained inventory; confirm field takeoff.,"Independent planning estimate, not a supplier quote. Linked source identifies the product/system or scope.","No replacement purchase assumed. Retain and test PMC/HS8/Turbosound, Trinnov/interfaces, rack electronics and Korg; new gear requires a separate decision."
SYS-075,AV-01,"Physical rack shelves, blanks, rails, fasteners and ventilation",Physical,,Black or concealed unless specified,1,included set,0,0.0,0,0,included,materials,False,False,index.html#install/AV-01,2026-09-28,Cost carried in named scope,Planning allowance: 1 included set; confirm field takeoff.,"Independent planning estimate, not a supplier quote. Linked source identifies the product/system or scope.",Hardware is budgeted in DESK-01. This cross-reference prevents paying for the same rack fittings twice.
SYS-076,AV-01,Furman M-8x2 rack power conditioner,Furman,M-8x2,Black or concealed unless specified,1,unit,89.95,89.95,89.95,89.95,observed,materials,False,True,https://www.sweetwater.com/store/detail/M8x2--furman-m-8x2-power-conditioner,2026-09-28,Retailer displayed $89.95; inventory must be confirmed,"One 1U rack power unit; retain existing equivalent if serviceable, then deduct this purchase.",Displayed price for specified variant; tax and delivery reserved separately.,Reuse and test existing studio equivalent. Buy only if inventory shows a missing/failed unit and the remaining cap covers it; no replacement purchase assumed.
SYS-077,AV-01,"Hosa balanced XLR leads, 10-ft planning length",Hosa,,Black or concealed unless specified,2,cables,20,40.0,15.0,30.0,budget-estimate,materials,True,False,https://hosatech.com/products/analog-audio/microphone-cables/balanced-interconnects/,2026-09-28,Supplier confirmation required,Two spare/replacement leads; reuse and test existing patch inventory. Do not repurchase a complete signal loom.,"Independent planning estimate, not a supplier quote. Linked source identifies the product/system or scope.","Confirm field conditions, final quantity and trade approval before ordering."
SYS-078,AV-01,"Hosa balanced TRS leads, 10-ft planning length",Hosa,,Black or concealed unless specified,2,cables,15,30.0,11.25,22.5,budget-estimate,materials,True,False,https://hosatech.com/products/analog-audio/interconnect-cables/,2026-09-28,Supplier confirmation required,Two spare/replacement leads; final required lengths and connector schedule verified.,"Independent planning estimate, not a supplier quote. Linked source identifies the product/system or scope.","Confirm field conditions, final quantity and trade approval before ordering."
SYS-079,AV-01,Monoprice Cat6 patch/network leads,Monoprice,,Black or concealed unless specified,2,cables,8,16.0,6.0,12.0,budget-estimate,materials,True,False,https://www.monoprice.com/category/networking/networking-patch-cables,2026-09-28,Supplier confirmation required,Two each 3/10/25-ft provisional patch lengths; permanent concealed cabling specified by integrator.,"Independent planning estimate, not a supplier quote. Linked source identifies the product/system or scope.","Confirm field conditions, final quantity and trade approval before ordering."
SYS-080,AV-01,"Member laptop USB-C cable, display adapter and charging interface",Member,,Black or concealed unless specified,1,connection set,180,180.0,135.0,270.0,budget-estimate,materials,False,True,https://www.startech.com/en-us/usb-hubs,2026-09-28,Supplier confirmation required,Connection allowance after actual interface/computer protocol inventory; not a claim that a generic USB hub carries Thunderbolt audio.,"Independent planning estimate, not a supplier quote. Linked source identifies the product/system or scope.",Reuse and test existing studio equivalent. Buy only if inventory shows a missing/failed unit and the remaining cap covers it; no replacement purchase assumed.
SYS-081,AV-01,ART P48 balanced 48-point patchbay,ART,P48,Black or concealed unless specified,1,unit,160,160.0,120.0,240.0,budget-estimate,materials,False,True,https://artproaudio.com/product/p48-48-point-balanced-patchbay/,2026-09-28,Supplier confirmation required,Budget reserve only if needed after retained patch inventory; exact signal-flow and normaling approved by studio engineer.,"Independent planning estimate, not a supplier quote. Linked source identifies the product/system or scope.",Reuse and test existing studio equivalent. Buy only if inventory shows a missing/failed unit and the remaining cap covers it; no replacement purchase assumed.
SYS-082,AV-01,Connector/adaptor and spare cable kit,Connector/adaptor,,Black or concealed unless specified,1,set,35,35.0,28.0,47.25,budget-estimate,materials,True,False,https://hosatech.com/products/,2026-09-28,Supplier confirmation required,Reserved for verified signal-endpoint differences; itemize actual adapters after R-number schedule.,"Independent planning estimate, not a supplier quote. Linked source identifies the product/system or scope.","Confirm field conditions, final quantity and trade approval before ordering."
SYS-083,AV-01,R-number heat-shrink labels and reusable hook-and-loop ties,R-number,,Black or concealed unless specified,1,set,25,25.0,20.0,33.75,budget-estimate,materials,True,False,https://www.bradyid.com/labels/wire-cable,2026-09-28,Supplier confirmation required,Label both cable ends and rack patches; permanent updated signal-flow record included in commissioning.,"Independent planning estimate, not a supplier quote. Linked source identifies the product/system or scope.","Confirm field conditions, final quantity and trade approval before ordering."
SYS-084,AV-01,"PA stand restraint, sandbag/ballast and floor pads",PA,,Black or concealed unless specified,1,engineered set allowance,50,50.0,40,100,budget-estimate,materials,True,False,index.html#install/AV-01,2026-09-28,Supplier confirmation required,Verify actual stand/load/footprint before selecting ballast or restraint; no attachment released by this allowance.,"Independent planning estimate, not a supplier quote. Linked source identifies the product/system or scope.","Confirm field conditions, final quantity and trade approval before ordering."
SYS-085,AV-01,"Studio engineer: wire, label, align and commission room",Studio,,Black or concealed unless specified,6,hours,60,360.0,50,90,budget-estimate,labor,True,False,index.html#install/AV-01,2026-09-28,Supplier confirmation required,Six paid hours with retained known-working equipment and mostly existing patching. Major equipment repair or full-system redesign requires a new scoped budget.,"Independent planning estimate, not a supplier quote. Linked source identifies the product/system or scope.","Confirm field conditions, final quantity and trade approval before ordering."
ARCH-037,BOO-01,Booth condition/acoustic disposition included in shared existing-condition inspection,Shared project inspection,No duplicate architecture service,N/A,1,included shared review,0,0.0,0,0,included,services,False,False,research/installation-guide.json,2026-09-28,Coordinate with existing project inspection.,One shared inspection note photographs booth surfaces/treatment and records defer/install disposition.,$0 incremental: fold booth observation into the project’s existing HVAC/source-condition inspection rather than adding a duplicate visit.,No installed booth treatment is asserted. No duplicate architecture survey fee is included; deferred treatment requires a field quote.
ARCH-038,BOO-01,Two ATS black ceiling-cloud panels,ATS Acoustics,ATS Acoustic Panel 24 x 48 x 2,Black fabric,2,finished panel,79.95,159.9,79.95,79.95,observed,materials,False,True,https://www.atsacoustics.com/item--ATS-acoustic-panel24-x-48-x-2--1001.html,2026-09-28,Listed build-to-order and available.,Two 24 x 48 panels form a 48 x 48-in nominal cloud field. Fabric/trim are included in finished panels.,Observed $79.95 each manufacturer-direct on 2026-09-28; page stated free shipping and 3–5 business day build/ship.,"DEFERRED under the $25,000 cap if ARCH-037 finds current booth acoustics acceptable. If released, keep ATS panels with ATS hardware and reverify ceiling attachment."
ARCH-039,BOO-01,ATS 4-ft acoustical cloud hardware kits,ATS Acoustics,"ATS-CLD-HRDWR, 4-ft runner pair",Galvanized/concealed,2,runner-pair kit,17.99,35.98,17.99,17.99,observed,materials,False,True,https://www.atsacoustics.com/cloud-installation-hardware.html,2026-09-28,ATS listed 2–4 business days.,One 4-ft runner-pair kit per 24 x 48 ATS panel; two panels = two kits.,"Observed $17.99/kit manufacturer-direct on 2026-09-28; kit includes runners, screws, washers, eye bolts, toggles and quick links.","DEFERRED under the $25,000 cap if ARCH-037 finds current booth acoustics acceptable. If released, keep ATS panels with ATS hardware and reverify ceiling attachment."
ARCH-040,BOO-01,ATS 6-in steel suspension cables,ATS Acoustics,6-in twisted-steel installation cable,Galvanized,8,cable,2.44,19.52,2.44,2.44,observed,materials,False,True,https://www.atsacoustics.com/cat--Accessories--103.html,2026-09-28,Listed accessory; confirm 6-in drop and ceiling condition.,Four kit connection points per panel x two panels = eight cables.,Observed $2.44 each manufacturer-direct on 2026-09-28.,"DEFERRED under the $25,000 cap if ARCH-037 finds current booth acoustics acceptable. If released, keep ATS panels with ATS hardware and reverify ceiling attachment."
ARCH-041,BOO-01,Install two-panel ATS ceiling cloud,Qualified acoustic/finish installer,ATS panels with ATS runner kits/cables,Black,8,labor-hour,75,600.0,65,95,budget-estimate,labor,False,True,https://www.atsacoustics.com/cloud-installation-hardware.html,2026-09-28,Only after installer confirms ceiling attachment; stop if blocking/engineering is required.,"Two installers x four hours = 8 labor-hours for layout, ceiling check, hardware, panels and cleanup.",Estimated skilled labor: 8 hours x LOW/BASE/HIGH $65/$75/$95.,"DEFERRED under the $25,000 cap if ARCH-037 finds current booth acoustics acceptable. If released, keep ATS panels with ATS hardware and reverify ceiling attachment."
ARCH-052,BOO-01,DEFERRED booth wall absorber package,ATS Acoustics,ATS Acoustic Panel 24 x 48 x 2,Black fabric,6,finished panel,79.95,479.7,79.95,79.95,observed,materials,False,True,https://www.atsacoustics.com/item--ATS-acoustic-panel24-x-48-x-2--1001.html,2026-09-28,Listed build-to-order; do not buy before survey.,Six provisional wall panels; actual count/location requires ARCH-037 booth survey.,Observed $79.95 each manufacturer-direct on 2026-09-28.,DEFERRED and not asserted installed. Release only if booth survey/acoustic need supports the package.
ARCH-053,BOO-01,DEFERRED booth wall absorber installation labor,Qualified acoustic/finish installer,Six-panel provisional installation,N/A,8,labor-hour,75,600.0,65,95,budget-estimate,labor,False,True,https://www.atsacoustics.com/item--ATS-acoustic-panel24-x-48-x-2--1001.html,2026-09-28,Only if ARCH-037 releases wall treatment.,Two installers x four hours = 8 hours for six provisional panels after substrate/backing verification.,Estimated skilled labor only: 8 hours x LOW/BASE/HIGH $65/$75/$95.,DEFERRED; existing booth backing is unknown and no anchor schedule is implied.
ARCH-054,BOO-01,DEFERRED conditional booth wall backing stock,ProWood,"205960, 3/4 in x 2 ft x 4 ft plywood project panel",Concealed,6,2x4 sheet,25.78,154.68,25.78,25.78,observed,materials,False,True,https://www.homedepot.com/b/Lumber-Composites-Plywood-Project-Panels/4/3-4/N-5yc1vZc7hmZ1z0mcp0Z1z0mcq7,2026-09-28,Do not buy before substrate survey.,One provisional 2 x 4-ft backer per six possible wall absorber locations; survey may eliminate this purchase.,Observed $25.78 per panel on 2026-09-28.,"DEFERRED conditional component; ATS panel hardware is included, but concealed backing is not assumed existing."
ARCH-042,BOO-02,"Condition-held booth floor, adhesive state and transitions","Existing installation, field verification required",Unseen booth floor/threshold condition hold,Charcoal/dark,1,existing floor set,0,0.0,0,0,retained,materials,True,False,research/installation-guide.json,2026-09-28,"UNVERIFIED: inspect moisture, trip edges, slider clearance, finish and adhesion before acceptance.",One booth-floor/threshold condition hold. The current-room photo does not show the booth floor; retain only if field inspection confirms a safe serviceable acoustic finish.,No acquisition cost.,No installed booth carpet is asserted. ARCH-019 provides one shared conditional patch bag; ARCH-046 prices full carpet replacement if the hold fails.
ARCH-043,BOO-02,Existing Persian rug retained,Owner existing,Existing Persian rug,Existing,1,retained rug,0,0.0,0,0,retained,materials,True,False,research/installation-guide.json,2026-09-28,Condition photograph before cleaning.,One existing rug retained and reset after cleaning.,$0 acquisition because it is owner-retained; cleaning is priced separately in ARCH-044.,Zero is not a placeholder for a needed purchase.
ARCH-044,BOO-02,Persian rug cleaning and condition service,Local professional rug cleaner,Off-site or protected on-site clean,Existing,1,service,350,350.0,250,500,budget-estimate,services,True,False,research/installation-guide.json,2026-09-28,Book after condition photo; transport method by cleaner.,"One cleaning/condition service for retained rug, including ordinary pickup/reset handling in the service allowance.","LOW/BASE/HIGH $250/$350/$500 estimate, not a sourced quote.",No restoration or fringe repair included.
ARCH-045,BOO-02,Rug removal/reset and booth-floor condition check,Qualified finish installer,Retained-floor handoff,N/A,2,labor-hour,65,130.0,55,85,budget-estimate,labor,False,False,research/installation-guide.json,2026-09-28,Coordinate with ARCH-044 cleaning.,"Two skilled hours to remove rug, inspect floor/threshold, document, and reset after cleaning.",Estimated labor: 2 hours x LOW/BASE/HIGH $55/$65/$85.,Stops and reprices if substrate or slider clearance is unsafe.
ARCH-046,BOO-02,EXCLUDED alternate — FLOR Tailored Touch black carpet-tile replacement,FLOR,Tailored Touch Black with FLORdots,Black,36,19.7-in-square tile,31,1116.0,31,31,observed,materials,False,True,https://www.flor.com/area-rugs_carpet-tiles/tailored-touch---black/21-1450-04.html,2026-09-28,Verify current stock and exact floor boundary.,"82.258-sq-ft booth/vestibule trace x 1.15 = 94.60 sq ft / 2.695 sq ft per tile = 35.10, rounded to 36.",Observed $31/tile; FLORdots included.,EXCLUDED unless retained booth floor fails condition check.
SYS-086,BOO-03,Nora M4 2700K matte-black booth downlight + driver,Nora,NM4-RDC27BB,Black or concealed unless specified,2,fixtures,71.1,142.2,71.1,71.1,observed,materials,True,False,https://www.prolighting.com/nm4-rdc27bb.html,2026-09-28,Supplier states normally ships 3–5 business days,"Two proposed booth positions; verify cloud, ceiling, camera and slider clearances.",Displayed unit price; tax/freight extra.,"Confirm field conditions, final quantity and trade approval before ordering."
SYS-087,BOO-03,Separate booth control and electrical installation,Separate,,Black or concealed unless specified,1,included set,0,0.0,0,0,included,materials,False,False,index.html#install/BOO-03,2026-09-28,Cost carried in named scope,Planning allowance: 1 included set; confirm field takeoff.,"Independent planning estimate, not a supplier quote. Linked source identifies the product/system or scope.",Booth dimmer is one of seven in LGT-07; physical wiring/fixture installation is in PWR-01 labor.
SYS-088,BOO-03,HVAC grille/filter/gasket service parts reserve,HVAC,,Black or concealed unless specified,1,parts allowance,75,75.0,50,200,budget-estimate,materials,True,False,index.html#install/BOO-03,2026-09-28,Supplier confirmation required,Retain system. Actual filters/grille/gasket sizes after M-10 airflow/noise/access survey.,"Independent planning estimate, not a supplier quote. Linked source identifies the product/system or scope.","Confirm field conditions, final quantity and trade approval before ordering."
SYS-089,BOO-03,HVAC technician airflow/noise check and balance,HVAC,,Black or concealed unless specified,2,hours,110,220.0,95,150,budget-estimate,labor,True,False,index.html#install/BOO-03,2026-09-28,Supplier confirmation required,Two-hour service/check allowance on retained HVAC; no new unit or duct rebuild assumed.,"Independent planning estimate, not a supplier quote. Linked source identifies the product/system or scope.","Confirm field conditions, final quantity and trade approval before ordering."
SYS-090,BOO-03,"Booth AV route supports, strain relief and labels",Booth,,Black or concealed unless specified,1,set,20,20.0,16.0,27.0,budget-estimate,materials,True,False,index.html#install/BOO-03,2026-09-28,Supplier confirmation required,Hardware only; reused microphone/booth signals commissioned under AV-01.,"Independent planning estimate, not a supplier quote. Linked source identifies the product/system or scope.","Confirm field conditions, final quantity and trade approval before ordering."
FUR-067,CLOSE-01,FEJKA 57-in artificial fiddle-leaf fig,IKEA,805.688.90,green/black nursery pot,1,each,99.99,99.99,99.99,99.99,observed,materials,True,False,https://www.ikea.com/us/en/p/fejka-artificial-potted-plant-indoor-outdoor-fiddle-leaf-fig-80568890/,2026-09-28,Listed; local stock varies.,"One 57-in plant; shorter and sparser than render, so approve scale before purchase.",$99.99 observed direct.,VISIBLE-SCALE DEVIATION. Reject if it reads artificial or undersized in the actual corner.
FUR-068,CLOSE-01,NYPON 9.5-in plant pot,IKEA,003.956.24,matte gray,1,each,14.99,14.99,14.99,14.99,observed,materials,True,False,https://www.ikea.com/us/en/p/nypon-plant-pot-indoor-outdoor-gray-00395624/,2026-09-28,Listed.,One 9.5-in cachepot for FEJKA nursery pot.,$14.99 observed direct.,Confirm inner pot fit and add concealed floor pad.
FUR-069,CLOSE-01,Elton solid-brass display tray,CB2,Elton tray,brass,1,each,31,31.0,31,45,observed,materials,True,False,https://www.cb2.com/elton-solid-brass-tray/s316859,2026-09-28,Listed; verify current stock.,One small tray for restrained table/bar styling.,$31 observed direct.,Keep table load sparse and within edge/restraint detail.
FUR-070,CLOSE-01,Black/brass coaster set allowance,Retail allowance,set of four,black/brass,1,set,15,15.0,10,25,budget-estimate,materials,True,False,https://www.target.com/s?searchTerm=black+coasters,2026-09-28,Unselected.,One set of four; exact product selected alongside tray.,$10-$25 retail allowance; not an observed exact-SKU price.,Select only after finish comparison; omit if suitable owned coasters are physically verified.
FUR-071,CLOSE-01,"Black flameless taper candles with remote, six pack",GenSwin,6-pack black,black/warm white,1,pack,23.99,23.99,23.99,32,observed,materials,True,False,https://www.amazon.com/dp/B0B7J8T7HL,2026-09-28,Marketplace stock varies.,One six-pack; use a restrained subset and retain spares.,$23.99 observed retail price.,Confirm timer/remote behavior; no open flame in the room.
FUR-072,CLOSE-01,"Labeled laminate, edge-band, film and paint offcuts",Included paid material yield,closeout samples,black/smoke/gold,1,set,0,0.0,0,0,included,materials,True,False,https://www.formica.com/en-us/products/lamhome/00909,2026-09-28,Available only if assistant protects and labels pieces.,One labeled set of clean offcuts retained from bar fabrication.,Included in paid sheet/roll yield.,"Record exact products, colors and dates in binder."
FUR-073,CLOSE-01,"Binder, tabs, sleeves, labels and archive USB allowance",Office supply allowance,closeout set,black,1,set,55,55.0,40,75,budget-estimate,materials,True,False,https://www.staples.com/binders/cat_CL167205,2026-09-28,Unselected.,"One physical binder plus small archive USB for manuals, receipts, finish labels and as-built photos.",$40-$75 retail allowance; point estimate reduced to $55.,Root integrator owns final document assembly; do not duplicate a project-wide closeout package if one is already funded.
FUR-074,CLOSE-01,Minimal empty bottle/decanter/glass display-prop allowance,Retail/thrift allowance,existing-first prop set,clear/amber/black,1,set,35,35.0,0,50,budget-estimate,materials,True,False,https://www.ikea.com/us/en/cat/carafes-jugs-bottles-18842/,2026-09-28,Unselected; purchase only if styling audit shows a visible gap.,Use existing safe empty bottles/glassware first; $35 is a capped fallback because no owned barware inventory proof was found.,$0-$50 planning range; no exact product selected.,"No alcohol stock is priced. Clean, de-label/restraint and keep shelving loads within approved limits."
FUR-075,CLOSE-01,RODALM 24 x 36-in frame,IKEA,RODALM 24x36,black,1,each,34.99,34.99,34.99,34.99,observed,materials,True,False,https://www.ikea.com/us/en/p/roedalm-frame-black-10548920/,2026-09-28,Listed; verify article/current stock.,One black 24 x 36-in frame for a studio/venue image or approved print.,$34.99 observed direct.,Approve art and exact orientation before hanging.
FUR-076,CLOSE-01,Approved 24 x 36-in print allowance,Local print allowance,single art print,studio photograph/poster,1,each,35,35.0,20,50,budget-estimate,materials,True,False,https://www.staples.com/services/printing/posters/,2026-09-28,Image and print shop unselected.,One print using an approved owned/licensed image; no stock-art license assumed.,$20-$50 local-print allowance; not a quote.,Use only Greg-approved art with rights; verify proof before printing.
FUR-077,CLOSE-01,Black picture-hanging hardware assortment,OOK,assorted kit,black/steel,1,pack,13.98,13.98,13.98,20,observed,materials,True,False,https://www.homedepot.com/p/100058482,2026-09-28,Cataloged.,One small kit; substrate-specific anchors may differ.,$13.98 observed retail.,Use only after wall substrate and frame weight are verified.
FUR-078,CLOSE-01,"Furniture placement, rug trim and restrained styling",Independent planning allowance,4-hour closeout,placement/punch,4,hour,40,160.0,35,50,budget-estimate,labor,True,False,https://www.bls.gov/oes/current/oes472031.htm,2026-09-28,Unquoted.,"Four hours for sofa/chair/table/chair assembly help, rug/pad placement and trim, pads, plant, lamp, frame, props, cleanup and photo record. Excludes specialty piano move.","$35-$50/hour planning range; $40 point estimate, not a quote.","Complete only after paths, swivel envelopes, rug edges and wall substrate are released."

Room subtotal,20175.06
Recap cash allowance,1000
Tax reserve,1158.01
Delivery reserve,347.4
Contingency,2268.05
All-in planning total,24948.52
Hard cap,25000
Unallocated headroom,51.48
